Transaction Type,Taxpayer TRN,Company Name / Member Company Name (If applicable),Tax Invoice/Tax credit note No,Tax Invoice/Tax credit note Date,Reporting period from,Reporting period to,Tax Invoice/Tax credit note Amount AED (before VAT),VAT Amount AED,Customer Name,Customer TRN,Customer TRN,Clear description of the supply,Reason of Out-of-Scope Sales treatment
01 Invoice,111111111111111,ABC LTD.,IN20011829,5/30/2024,5/1/2024,5/31/2024,"7,261,875.00",-,SIXC,311524044400003,311524XXXX00003,HZ-1180MD COMB 24(460X945.60X40.00 MMX948.58 KG/M)X47.00 M,Supply of Goods from Designated Free Zone.
01 Invoice,111111111111111,ABC LTD.,IN70001474,5/27/2024,5/1/2024,5/31/2024,"931,601.74",-,ARCE,100303509200003,100303XXXX00003,Light Steel (0-30kg/m),Supplies to an entity within Same VAT Group.
01 Invoice,111111111111111,ABC LTD.,IN20011828,5/31/2024,5/1/2024,5/31/2024,"891,489.23",-,ARCE,100303509200003,100303XXXX00003,PU32-(600X452X19.50 MMX114.10 KG/M)X18.00 M,Supplies to an entity within Same VAT Group.
01 Invoice,111111111111111,ABC LTD.,IN70001474,5/27/2024,5/1/2024,5/31/2024,"721,540.00",-,ARCE,100303509200003,100303XXXX00003,Medium Steel (31-60kg/m),Supplies to an entity within Same VAT Group.
01 Invoice,111111111111111,ABC LTD.,IN20011831,5/7/2024,5/1/2024,5/31/2024,"566,117.15",-,ARCE,NA,NAXXXXNA,DOWEL BAR 075X0505 MM,Supply of Goods from Designated Free Zone.
01 Invoice,111111111111111,ABC LTD.,IN70001474,5/27/2024,5/1/2024,5/31/2024,"543,041.48",-,ARCE,100303509200003,100303XXXX00003,Heavy Steel (61-150kg/m),Supplies to an entity within Same VAT Group.
01 Invoice,111111111111111,ABC LTD.,IN20011838,5/7/2024,5/1/2024,5/31/2024,"515,985.82",-,ARCE,NA,NAXXXXNA,DOWEL BAR 075X0505 MM,Supply of Goods from Designated Free Zone.
01 Invoice,111111111111111,ABC LTD.,IN5H0000393,5/28/2024,5/1/2024,5/31/2024,"487,782.92",-,AL R,300545025110003,300545XXXX10003,CSP 1016.00X09.53 MMX12.00 M/NEOM,Supply of Goods from Designated Free Zone.
01 Invoice,111111111111111,ABC LTD.,IN70001474,5/27/2024,5/1/2024,5/31/2024,"449,934.88",-,ARCE,100303509200003,100303XXXX00003,Extra Heavy Steel (>150kg/m),Supplies to an entity within Same VAT Group.
01 Invoice,111111111111111,ABC LTD.,IN70001474,5/27/2024,5/1/2024,5/31/2024,"437,326.19",-,ARCE,100303509200003,100303XXXX00003,Heavy Steel (61-150kg/m),Supplies to an entity within Same VAT Group.
01 Invoice,111111111111111,ABC LTD.,IN20011794,5/6/2024,5/1/2024,5/31/2024,"401,185.33",-,HEAV,NA,NAXXXXNA,HR PLATE 2.50X10.00X10.00 MM,Supply of Goods from Designated Free Zone.
01 Invoice,111111111111111,ABC LTD.,IN5H0000372,5/23/2024,5/1/2024,5/31/2024,"386,415.16",-,MODE,310570953600003,310570XXXX00003,CSP 2575.00X20.00 MMX06.00 M/HUTA,Supply of Goods from Designated Free Zone.
01 Invoice,111111111111111,ABC LTD.,IN20011826,5/16/2024,5/1/2024,5/31/2024,"374,147.91",-,ARCE,NA,NAXXXXNA,AU20-(750X444X12.00 MMX096.90 KG/M)X11.80 M,Supply of Goods from Designated Free Zone.
01 Invoice,111111111111111,ABC LTD.,IN70001474,5/27/2024,5/1/2024,5/31/2024,"357,503.32",-,ARCE,100303509200003,100303XXXX00003,Heavy Steel (61-150kg/m),Supplies to an entity within Same VAT Group.
01 Invoice,111111111111111,ABC LTD.,IN70001474,5/27/2024,5/1/2024,5/31/2024,"353,983.49",-,ARCE,100303509200003,100303XXXX00003,Extra Heavy Steel (>150kg/m),Supplies to an entity within Same VAT Group.
01 Invoice,111111111111111,ABC LTD.,IN5H0000397,5/23/2024,5/1/2024,5/31/2024,"334,314.47",-,AL R,300545025110003,300545XXXX10003,COATED PIPE 1219.20X12.70 MMX12.000 M/NEOM,Supply of Goods from Designated Free Zone.
01 Invoice,111111111111111,ABC LTD.,IN5H0000358,5/19/2024,5/1/2024,5/31/2024,"293,970.40",-,MODE,310570953600003,310570XXXX00003,CSP 1575.00X20.00 MMX06.00 M/HUTA,Supply of Goods from Designated Free Zone.
01 Invoice,111111111111111,ABC LTD.,IN5H0000376,5/19/2024,5/1/2024,5/31/2024,"293,970.40",-,MODE,310570953600003,310570XXXX00003,CSP 1575.00X20.00 MMX06.00 M/HUTA,Supply of Goods from Designated Free Zone.
01 Invoice,111111111111111,ABC LTD.,IN20011794,5/6/2024,5/1/2024,5/31/2024,"284,900.06",-,HEAV,NA,NAXXXXNA,HR PLATE 2.50X10.00X07.00 MM,Supply of Goods from Designated Free Zone.
01 Invoice,111111111111111,ABC LTD.,IN70001474,5/27/2024,5/1/2024,5/31/2024,"281,618.14",-,ARCE,100303509200003,100303XXXX00003,Extra Heavy Steel (>150kg/m),Supplies to an entity within Same VAT Group.
01 Invoice,111111111111111,ABC LTD.,IN5H0000348,5/7/2024,5/1/2024,5/31/2024,"274,788.83",-,SAUD,300338689200003,300338XXXX00003,CSP 1524.00X09.53 MMX18.00 M/SAUDI BASHAYER,Supply of Goods from Designated Free Zone.
01 Invoice,111111111111111,ABC LTD.,IN70001474,5/27/2024,5/1/2024,5/31/2024,"272,770.36",-,ARCE,100303509200003,100303XXXX00003,Medium Steel (31-60kg/m),Supplies to an entity within Same VAT Group.
01 Invoice,111111111111111,ABC LTD.,IN70001474,5/27/2024,5/1/2024,5/31/2024,"269,039.96",-,ARCE,100303509200003,100303XXXX00003,PATTERNED PLATE FLOORING,Supplies to an entity within Same VAT Group.
01 Invoice,111111111111111,ABC LTD.,IN5H0000320,5/1/2024,5/1/2024,5/31/2024,"263,882.93",-,AL R,300545025110003,300545XXXX10003,CSP 0812.00X07.92 MMX12.00 M/NEOM/23122502,Supply of Goods from Designated Free Zone.
01 Invoice,111111111111111,ABC LTD.,IN5H0000321,5/1/2024,5/1/2024,5/31/2024,"263,795.38",-,AL R,300545025110003,300545XXXX10003,CSP 0812.00X07.92 MMX12.00 M/NEOM/23122502,Supply of Goods from Designated Free Zone.
01 Invoice,111111111111111,ABC LTD.,IN20011770,5/9/2024,5/1/2024,5/31/2024,"252,000.00",-,INKA,104136252400003,104136XXXX00003,PLATE 1.50X03.00X06.50 MM,Supply of Goods from Designated Free Zone.
01 Invoice,111111111111111,ABC LTD.,IN20011794,5/6/2024,5/1/2024,5/31/2024,"247,707.30",-,HEAV,NA,NAXXXXNA,HR PLATE 2.50X10.00X28.00 MM,Supply of Goods from Designated Free Zone.
01 Invoice,111111111111111,ABC LTD.,IN20011799,5/23/2024,5/1/2024,5/31/2024,"243,801.01",-,ARCE,100303509200003,100303XXXX00003,PU32-(600X452X19.50 MMX114.10 KG/M)X18.00 M,Supplies to an entity within Same VAT Group.
01 Invoice,111111111111111,ABC LTD.,TI20000249,5/3/2024,5/1/2024,5/31/2024,"213,857.44",-,ARCE,100303509200003,100303XXXX00003,W 0250X250X073.00 KG/M (10X10.00X049) LBSX12.00 M,Supplies to an entity within Same VAT Group.
01 Invoice,111111111111111,ABC LTD.,IN20011800,5/23/2024,5/1/2024,5/31/2024,"207,355.00",-,PANO,100587028000003,100587XXXX00003,PLATE 1.50X03.00X06.50 MM,Supply of Goods from Designated Free Zone.
01 Invoice,111111111111111,ABC LTD.,IN20011794,5/6/2024,5/1/2024,5/31/2024,"198,123.74",-,HEAV,NA,NAXXXXNA,HR PLATE 2.50X10.00X24.00 MM,Supply of Goods from Designated Free Zone.
01 Invoice,111111111111111,ABC LTD.,IN5H0000330,5/1/2024,5/1/2024,5/31/2024,"197,868.42",-,AL R,300545025110003,300545XXXX10003,CSP 0812.00X07.92 MMX12.00 M/NEOM/23122502,Supply of Goods from Designated Free Zone.
01 Invoice,111111111111111,ABC LTD.,IN70001474,5/27/2024,5/1/2024,5/31/2024,"193,895.74",-,ARCE,100303509200003,100303XXXX00003,Medium Steel (31-60kg/m),Supplies to an entity within Same VAT Group.
01 Invoice,111111111111111,ABC LTD.,IN5H0000346,5/7/2024,5/1/2024,5/31/2024,"185,308.91",-,SAUD,300338689200003,300338XXXX00003,CSP 1524.00X09.53 MMX18.00 M/SAUDI BASHAYER,Supply of Goods from Designated Free Zone.
01 Invoice,111111111111111,ABC LTD.,IN5H0000347,5/7/2024,5/1/2024,5/31/2024,"185,265.95",-,SAUD,300338689200003,300338XXXX00003,CSP 1524.00X09.53 MMX18.00 M/SAUDI BASHAYER,Supply of Goods from Designated Free Zone.
01 Invoice,111111111111111,ABC LTD.,IN5H0000343,5/2/2024,5/1/2024,5/31/2024,"185,248.76",-,SAUD,300338689200003,300338XXXX00003,CSP 1524.00X09.53 MMX18.00 M/SAUDI BASHAYER,Supply of Goods from Designated Free Zone.
01 Invoice,111111111111111,ABC LTD.,IN5H0000345,5/6/2024,5/1/2024,5/31/2024,"185,180.05",-,SAUD,300338689200003,300338XXXX00003,CSP 1524.00X09.53 MMX18.00 M/SAUDI BASHAYER,Supply of Goods from Designated Free Zone.
01 Invoice,111111111111111,ABC LTD.,IN5H0000353,5/7/2024,5/1/2024,5/31/2024,"184,114.69",-,SAUD,300338689200003,300338XXXX00003,CSP 1524.00X09.53 MMX18.00 M/SAUDI BASHAYER,Supply of Goods from Designated Free Zone.
01 Invoice,111111111111111,ABC LTD.,IN5H0000344,5/5/2024,5/1/2024,5/31/2024,"183,504.69",-,SAUD,300338689200003,300338XXXX00003,CSP 1524.00X09.53 MMX18.00 M/SAUDI BASHAYER,Supply of Goods from Designated Free Zone.
01 Invoice,111111111111111,ABC LTD.,IN20011768,5/6/2024,5/1/2024,5/31/2024,"181,335.00",-,TECH,100285044200003,100285XXXX00003,BQ PLATE 2.50X12.00X25.00 MM,Supply of Goods from Designated Free Zone to another Desinated Free Zone.
01 Invoice,111111111111111,ABC LTD.,IN20011798,5/23/2024,5/1/2024,5/31/2024,"178,907.46",-,MCDE,NA,NAXXXXNA,"SHS 100X100X08.00 MMX12.00 M
 item no. 18.1
 Ident code: SSXSHSHS0008056",Supply of Goods from Designated Free Zone.
01 Invoice,111111111111111,ABC LTD.,IN20011794,5/6/2024,5/1/2024,5/31/2024,"173,331.94",-,HEAV,NA,NAXXXXNA,HR PLATE 2.50X10.00X21.00 MM,Supply of Goods from Designated Free Zone.
01 Invoice,111111111111111,ABC LTD.,IN5H0000405,5/31/2024,5/1/2024,5/31/2024,"170,465.46",-,DUTC,100253985400003,100253XXXX00003,CSP 0711.20X16.00 MMX18.00 M/DBB,Supply of Goods from Designated Free Zone.
01 Invoice,111111111111111,ABC LTD.,IN5H0000374,5/21/2024,5/1/2024,5/31/2024,"169,505.05",-,MUTL,300110567500003,300110XXXX00003,CSP 1828.80X15.62 MMX16.00 M/GREEN RIYADH,Supply of Goods from Designated Free Zone.
01 Invoice,111111111111111,ABC LTD.,IN5H0000373,5/21/2024,5/1/2024,5/31/2024,"169,452.35",-,MUTL,300110567500003,300110XXXX00003,CSP 1828.80X15.62 MMX16.00 M/GREEN RIYADH,Supply of Goods from Designated Free Zone.
01 Invoice,111111111111111,ABC LTD.,IN20011795,5/22/2024,5/1/2024,5/31/2024,"164,830.91",-,MCDE,NA,NAXXXXNA,"MS PLATE 3.05X12.00X10.00 MM
 item no. 25.1
 Ident no. SSXSPPLT0011040",Supply of Goods from Designated Free Zone.
01 Invoice,111111111111111,ABC LTD.,IN20011835,5/24/2024,5/1/2024,5/31/2024,"161,165.64",-,PETR,100017023100003,100017XXXX00003,HR PLATE 3.00X04.50X110.00 MM,Supply of Goods from Designated Free Zone.
01 Invoice,111111111111111,ABC LTD.,IN5H0000360,5/21/2024,5/1/2024,5/31/2024,"160,822.06",-,AL N,100251681100003,100251XXXX00003,CSP 1219.20X12.70 MMX12.00 M/AL NASAR,Supply of Goods from Designated Free Zone.
01 Invoice,111111111111111,ABC LTD.,IN20011837,5/31/2024,5/1/2024,5/31/2024,"160,184.20",-,LARS,NA,NAXXXXNA,"HR PLATE 3.05X12.00X40.00 MM
 Item 3",Supply of Goods from Designated Free Zone.
01 Invoice,111111111111111,ABC LTD.,IN20011837,5/31/2024,5/1/2024,5/31/2024,"160,168.38",-,LARS,NA,NAXXXXNA,"HR PLATE 3.05X12.00X12.00 MM
 Item 2",Supply of Goods from Designated Free Zone.
01 Invoice,111111111111111,ABC LTD.,IN20011789,5/21/2024,5/1/2024,5/31/2024,"158,460.99",-,MCDE,NA,NAXXXXNA,"MS PLATE 3.05X12.00X12.00 MM
 item no. 27.1
 Ident no. SSXSPPLT0011285",Supply of Goods from Designated Free Zone.
01 Invoice,111111111111111,ABC LTD.,IN5H0000323,5/4/2024,5/1/2024,5/31/2024,"158,354.93",-,AL R,300545025110003,300545XXXX10003,CSP 0812.00X07.92 MMX12.00 M/NEOM/23122502,Supply of Goods from Designated Free Zone.
01 Invoice,111111111111111,ABC LTD.,IN20011778,5/13/2024,5/1/2024,5/31/2024,"155,700.00",-,FLOW,100218740700003,100218XXXX00003,HR PLATE 2.00X06.00X12.00 MM,Supply of Goods from Designated Free Zone to another Desinated Free Zone.
01 Invoice,111111111111111,ABC LTD.,IN20011796,5/22/2024,5/1/2024,5/31/2024,"154,928.93",-,MCDE,NA,NAXXXXNA,"SHS 100X100X10.00 MMX12.00 M
 item no. 21.1
 Ident code: SSXSHSHS0008063",Supply of Goods from Designated Free Zone.
01 Invoice,111111111111111,ABC LTD.,IN70001474,5/27/2024,5/1/2024,5/31/2024,"149,485.49",-,ARCE,100303509200003,100303XXXX00003,Light Steel (0-30kg/m),Supplies to an entity within Same VAT Group.
01 Invoice,111111111111111,ABC LTD.,IN20011813,5/24/2024,5/1/2024,5/31/2024,"147,056.51",-,MCDE,NA,NAXXXXNA,"HR PLATE 3.05X12.00X25.00 MM
 item no. 26.1
 Ident no. SSXSPPLT0008382",Supply of Goods from Designated Free Zone.
01 Invoice,111111111111111,ABC LTD.,IN20011835,5/24/2024,5/1/2024,5/31/2024,"146,379.44",-,PETR,100017023100003,100017XXXX00003,HR PLATE 3.00X6.00X80.00 MM,Supply of Goods from Designated Free Zone.
01 Invoice,111111111111111,ABC LTD.,TI20000248,5/3/2024,5/1/2024,5/31/2024,"136,090.97",-,ARCE,100303509200003,100303XXXX00003,W 0250X250X073.00 KG/M (10X10.00X049) LBSX12.00 M,Supplies to an entity within Same VAT Group.
01 Invoice,111111111111111,ABC LTD.,IN20011763,5/6/2024,5/1/2024,5/31/2024,"135,520.77",-,ARCE,100303509200003,100303XXXX00003,CHEQUERED PLATE 1.50X06.00X08.00 MM,Supplies to an entity within Same VAT Group.
01 Invoice,111111111111111,ABC LTD.,IN20011772,5/13/2024,5/1/2024,5/31/2024,"134,321.60",-,PETR,100372101400003,100372XXXX00003,MS PLATE 2.00X12.00X08.00 MM,Supply of Goods from Designated Free Zone.
01 Invoice,111111111111111,ABC LTD.,IN20011791,5/22/2024,5/1/2024,5/31/2024,"132,308.11",-,ARCE,100303509200003,100303XXXX00003,HR PLATE 2.50X12.00X40.00 MM,Supplies to an entity within Same VAT Group.
01 Invoice,111111111111111,ABC LTD.,IN20011797,5/22/2024,5/1/2024,5/31/2024,"126,811.71",-,MCDE,NA,NAXXXXNA,"IPE 300X042.20 KG/MX11.80 M
 Item no. 5.1
 Ident no. SSXSBIPE0008027",Supply of Goods from Designated Free Zone.
01 Invoice,111111111111111,ABC LTD.,IN20011804,5/27/2024,5/1/2024,5/31/2024,"126,494.49",-,ARCE,100303509200003,100303XXXX00003,HE 90/60,Supplies to an entity within Same VAT Group.
01 Invoice,111111111111111,ABC LTD.,IN20011807,5/23/2024,5/1/2024,5/31/2024,"124,344.60",-,ASSE,100284385000003,100284XXXX00003,HR PLATE 2.00X12.00X12.00 MM,Supply of Goods from Designated Free Zone.
01 Invoice,111111111111111,ABC LTD.,IN70001474,5/27/2024,5/1/2024,5/31/2024,"123,399.66",-,ARCE,100303509200003,100303XXXX00003,HORIZONTAL TUBULAR HANDRAILING,Supplies to an entity within Same VAT Group.
01 Invoice,111111111111111,ABC LTD.,IN20011773,5/15/2024,5/1/2024,5/31/2024,"114,995.00",-,ARCE,100303509200003,100303XXXX00003,HE 90/60,Supplies to an entity within Same VAT Group.
01 Invoice,111111111111111,ABC LTD.,IN20011794,5/6/2024,5/1/2024,5/31/2024,"112,179.41",-,HEAV,NA,NAXXXXNA,HR PLATE 2.00X10.00X17.00 MM,Supply of Goods from Designated Free Zone.
01 Invoice,111111111111111,ABC LTD.,IN20011835,5/24/2024,5/1/2024,5/31/2024,"112,148.47",-,PETR,100017023100003,100017XXXX00003,HR PLATE 3.00X12.00X60.00 MM,Supply of Goods from Designated Free Zone.
01 Invoice,111111111111111,ABC LTD.,IN20011768,5/6/2024,5/1/2024,5/31/2024,"103,620.00",-,TECH,100285044200003,100285XXXX00003,BQ PLATE 2.50X12.00X20.00 MM,Supply of Goods from Designated Free Zone to another Desinated Free Zone.
01 Invoice,111111111111111,ABC LTD.,IN20011788,5/20/2024,5/1/2024,5/31/2024,"101,473.80",-,MCDE,NA,NAXXXXNA,"HEA 200X042.30 KG/MX11.80 M
 Item no. 1.1
 Ident no. SSXSBHEA0008044",Supply of Goods from Designated Free Zone.
01 Invoice,111111111111111,ABC LTD.,TI20000250,5/16/2024,5/1/2024,5/31/2024,"96,960.05",-,NMDC,100269968200003,100269XXXX00003,HEA 300X090.00 KG/MX11.90 M,Supply of Goods from Designated Free Zone.
01 Invoice,111111111111111,ABC LTD.,IN20011810,5/24/2024,5/1/2024,5/31/2024,"96,679.75",-,MCDE,NA,NAXXXXNA,"HR PLATE 3.05X12.00X08.00 MM
 item no. 24.1
 Ident no. SSXSPPLT0011038",Supply of Goods from Designated Free Zone.
01 Invoice,111111111111111,ABC LTD.,IN20011785,5/21/2024,5/1/2024,5/31/2024,"92,594.22",-,ARCE,100303509200003,100303XXXX00003,UPN 220X080X029.40 KG/MX11.80 M,Supplies to an entity within Same VAT Group.
01 Invoice,111111111111111,ABC LTD.,IN20011794,5/6/2024,5/1/2024,5/31/2024,"92,346.08",-,HEAV,NA,NAXXXXNA,HR PLATE 2.00X10.00X14.00 MM,Supply of Goods from Designated Free Zone.
01 Invoice,111111111111111,ABC LTD.,IN20011811,5/24/2024,5/1/2024,5/31/2024,"87,890.68",-,MCDE,NA,NAXXXXNA,"MS PLATE 3.05X12.00X08.00 MM
 Item no. 24.1
 Ident no. SSXSPPLT0011038",Supply of Goods from Designated Free Zone.
01 Invoice,111111111111111,ABC LTD.,IN20011802,5/23/2024,5/1/2024,5/31/2024,"85,057.09",-,ARCE,100303509200003,100303XXXX00003,HR PLATE 2.50X12.00X75.00 MM,Supplies to an entity within Same VAT Group.
01 Invoice,111111111111111,ABC LTD.,IN20011803,5/27/2024,5/1/2024,5/31/2024,"79,396.98",-,ARCE,100303509200003,100303XXXX00003,HEB 140X033.70 KG/MX11.80 M,Supplies to an entity within Same VAT Group.
01 Invoice,111111111111111,ABC LTD.,IN20011791,5/22/2024,5/1/2024,5/31/2024,"79,374.66",-,ARCE,100303509200003,100303XXXX00003,HR PLATE 2.50X12.00X30.00 MM,Supplies to an entity within Same VAT Group.
01 Invoice,111111111111111,ABC LTD.,IN5H0000322,5/4/2024,5/1/2024,5/31/2024,"79,174.73",-,AL R,300545025110003,300545XXXX10003,CSP 0812.00X07.92 MMX12.00 M/NEOM/23122502,Supply of Goods from Designated Free Zone.
01 Invoice,111111111111111,ABC LTD.,IN20011794,5/6/2024,5/1/2024,5/31/2024,"79,124.20",-,HEAV,NA,NAXXXXNA,HR PLATE 2.00X10.00X12.00 MM,Supply of Goods from Designated Free Zone.
01 Invoice,111111111111111,ABC LTD.,IN70001480,5/28/2024,5/1/2024,5/31/2024,"78,346.13",-,ARCE,100303509200003,100303XXXX00003,SCRAP-TP,Supplies to an entity within Same VAT Group.
01 Invoice,111111111111111,ABC LTD.,IN20011769,5/8/2024,5/1/2024,5/31/2024,"76,302.00",-,ATTI,100395201500003,100395XXXX00003,HR PLATE 2.00X06.00X12.00 MM,Supply of Goods from Designated Free Zone.
01 Invoice,111111111111111,ABC LTD.,IN20011779,5/15/2024,5/1/2024,5/31/2024,"74,610.24",-,ASSE,100284385000003,100284XXXX00003,HR PLATE 2.00X12.00X12.00 MM,Supply of Goods from Designated Free Zone.
01 Invoice,111111111111111,ABC LTD.,IN20011800,5/23/2024,5/1/2024,5/31/2024,"69,179.50",-,PANO,100587028000003,100587XXXX00003,ARMOUR/BALLISTIC PLATE 1.50X03.00X04.20 MM,Supply of Goods from Designated Free Zone.
01 Invoice,111111111111111,ABC LTD.,IN70001474,5/27/2024,5/1/2024,5/31/2024,"68,001.73",-,ARCE,100303509200003,100303XXXX00003,Built-up Steel,Supplies to an entity within Same VAT Group.
01 Invoice,111111111111111,ABC LTD.,IN20011795,5/22/2024,5/1/2024,5/31/2024,"67,553.55",-,MCDE,NA,NAXXXXNA,"HR PLATE 2.50X12.00X25.00 MM
 item no. 31.1
 Ident no. SSXSPPLT0011289",Supply of Goods from Designated Free Zone.
01 Invoice,111111111111111,ABC LTD.,IN20011792,5/20/2024,5/1/2024,5/31/2024,"66,025.45",-,MCDE,NA,NAXXXXNA,"HR PLATE 3.05X12.00X30.00 MM
 item no. 22.1
 Ident no. SSXSPPLT0010091",Supply of Goods from Designated Free Zone.
01 Invoice,111111111111111,ABC LTD.,IN20011779,5/15/2024,5/1/2024,5/31/2024,"62,164.40",-,ASSE,100284385000003,100284XXXX00003,HR PLATE 2.00X12.00X15.00 MM,Supply of Goods from Designated Free Zone.
01 Invoice,111111111111111,ABC LTD.,IN20011830,5/31/2024,5/1/2024,5/31/2024,"61,769.50",-,DBMS,100000892800003,100000XXXX00003,HR PLATE 3.05X12.00X50.00 MM,Supply of Goods from Designated Free Zone to another Desinated Free Zone.
01 Invoice,111111111111111,ABC LTD.,TI20000252,5/28/2024,5/1/2024,5/31/2024,"60,295.25",-,SHAW,100056895400003,100056XXXX00003,"IPN 220X031.10 KG/MX12.00 M
 item no. 13 & 13.001",Supply of Goods from Designated Free Zone.
01 Invoice,111111111111111,ABC LTD.,IN20011813,5/24/2024,5/1/2024,5/31/2024,"58,822.71",-,MCDE,NA,NAXXXXNA,"HR PLATE 3.05X12.00X20.00 MM
 item no. 30.1
 Ident no. SSXSPPLT0011288",Supply of Goods from Designated Free Zone.
01 Invoice,111111111111111,ABC LTD.,IN20011794,5/6/2024,5/1/2024,5/31/2024,"57,968.47",-,HEAV,NA,NAXXXXNA,HR PLATE 2.20X10.00X08.00 MM,Supply of Goods from Designated Free Zone.
01 Invoice,111111111111111,ABC LTD.,IN20011808,5/23/2024,5/1/2024,5/31/2024,"55,421.11",-,MCDE,NA,NAXXXXNA,"IPE 220X026.20 KG/MX11.80 M
 item no. 4.1
 Ident no. SSXSBIPE0008025",Supply of Goods from Designated Free Zone.
01 Invoice,111111111111111,ABC LTD.,IN20011792,5/20/2024,5/1/2024,5/31/2024,"55,021.20",-,MCDE,NA,NAXXXXNA,"MS PLATE 3.05X12.00X25.00 MM
 item no. 23.1
 Ident no. SSXSPPLT0010349",Supply of Goods from Designated Free Zone.
01 Invoice,111111111111111,ABC LTD.,IN20011792,5/20/2024,5/1/2024,5/31/2024,"54,119.21",-,MCDE,NA,NAXXXXNA,"HR PLATE 2.00X12.00X25.00 MM
 Item no. 32.1
 Ident no. SSXSPPLT0011290",Supply of Goods from Designated Free Zone.
01 Invoice,111111111111111,ABC LTD.,IN20011790,5/21/2024,5/1/2024,5/31/2024,"54,119.21",-,MCDE,NA,NAXXXXNA,"HR PLATE 2.00X12.00X25.00 MM
 Item no. 32.1
 Ident no. SSXSPPLT0011290",Supply of Goods from Designated Free Zone.
01 Invoice,111111111111111,ABC LTD.,IN20011790,5/21/2024,5/1/2024,5/31/2024,"54,119.21",-,MCDE,NA,NAXXXXNA,"MS PLATE 2.00X12.00X25.00 MM
 item 32.1
 Ident no. SSXSPPLT0011290",Supply of Goods from Designated Free Zone.
01 Invoice,111111111111111,ABC LTD.,IN20011808,5/23/2024,5/1/2024,5/31/2024,"53,667.47",-,MCDE,NA,NAXXXXNA,"IPE 160X015.80 KG/MX12.00 M
 Item no. 7.1
 Ident no. SSXSBIPE0008085",Supply of Goods from Designated Free Zone.
01 Invoice,111111111111111,ABC LTD.,IN70001474,5/27/2024,5/1/2024,5/31/2024,"52,877.74",-,ARCE,100303509200003,100303XXXX00003,Built-up Steel,Supplies to an entity within Same VAT Group.
01 Invoice,111111111111111,ABC LTD.,IN20011790,5/21/2024,5/1/2024,5/31/2024,"52,820.33",-,MCDE,NA,NAXXXXNA,"MS PLATE 3.05X12.00X12.00 MM
 item no. 27.1
 Ident no. SSXSPPLT0011285",Supply of Goods from Designated Free Zone.
01 Invoice,111111111111111,ABC LTD.,IN20011794,5/6/2024,5/1/2024,5/31/2024,"52,679.41",-,HEAV,NA,NAXXXXNA,HR PLATE 2.00X10.00X08.00 MM,Supply of Goods from Designated Free Zone.
01 Invoice,111111111111111,ABC LTD.,IN20011806,5/23/2024,5/1/2024,5/31/2024,"51,715.80",-,APT,100383993100003,100383XXXX00003,HR PLATE 3.05X12.00X60.00 MM,Supply of Goods from Designated Free Zone to another Desinated Free Zone.
01 Invoice,111111111111111,ABC LTD.,IN20011817,5/24/2024,5/1/2024,5/31/2024,"51,278.77",-,ARCE,NA,NAXXXXNA,"UB 406X178X054.10 KG/MX11.80 M
 item no 117",Supply of Goods from Designated Free Zone.
01 Invoice,111111111111111,ABC LTD.,IN20011823,5/28/2024,5/1/2024,5/31/2024,"50,124.12",-,SHAW,100056895400003,100056XXXX00003,EQUAL ANGLE 100X100X10.00 MMX12.00 M,Supply of Goods from Designated Free Zone.
01 Invoice,111111111111111,ABC LTD.,IN20011835,5/24/2024,5/1/2024,5/31/2024,"49,489.18",-,PETR,100017023100003,100017XXXX00003,HR PLATE 3.00X12.00X30.00 MM,Supply of Goods from Designated Free Zone.
01 Invoice,111111111111111,ABC LTD.,IN20011785,5/21/2024,5/1/2024,5/31/2024,"49,434.25",-,ARCE,100303509200003,100303XXXX00003,UPN 220X080X029.40 KG/MX06.30 M,Supplies to an entity within Same VAT Group.
01 Invoice,111111111111111,ABC LTD.,IN70001474,5/27/2024,5/1/2024,5/31/2024,"47,227.51",-,ARCE,100303509200003,100303XXXX00003,Light Steel (0-30kg/m),Supplies to an entity within Same VAT Group.
01 Invoice,111111111111111,ABC LTD.,IN20011821,5/28/2024,5/1/2024,5/31/2024,"46,018.80",-,SCRA,100358769600003,100358XXXX00003,SCRAP-TP,Supply of Goods from Designated Free Zone.
01 Invoice,111111111111111,ABC LTD.,IN20011795,5/22/2024,5/1/2024,5/31/2024,"45,035.70",-,MCDE,NA,NAXXXXNA,"HR PLATE 2.50X12.00X25.00 MM
 item no. 31.1
 Ident no. SSXSPPLT0011289",Supply of Goods from Designated Free Zone.
01 Invoice,111111111111111,ABC LTD.,IN20011810,5/24/2024,5/1/2024,5/31/2024,"45,025.98",-,MCDE,NA,NAXXXXNA,"HR PLATE 2.50X12.00X25.00 MM
 item no. 31.1
 Ident no. SSXSPPLT0011289",Supply of Goods from Designated Free Zone.
01 Invoice,111111111111111,ABC LTD.,TI20000251,5/20/2024,5/1/2024,5/31/2024,"44,917.44",-,ARCE,100303509200003,100303XXXX00003,HEB 120X026.70 KG/MX11.80 M,Supplies to an entity within Same VAT Group.
01 Invoice,111111111111111,ABC LTD.,TI20000253,5/17/2024,5/1/2024,5/31/2024,"43,188.60",-,ACER,NA,NAXXXXNA,UB 610X229X125.00 KG/MX06.00 M,Supply of Goods from Designated Free Zone.
01 Invoice,111111111111111,ABC LTD.,IN20011772,5/13/2024,5/1/2024,5/31/2024,"41,975.52",-,PETR,100372101400003,100372XXXX00003,MS PLATE 2.00X12.00X10.00 MM,Supply of Goods from Designated Free Zone.
01 Invoice,111111111111111,ABC LTD.,IN20011835,5/24/2024,5/1/2024,5/31/2024,"41,240.99",-,PETR,100017023100003,100017XXXX00003,HR PLATE 3.00X12.00X25.00 MM,Supply of Goods from Designated Free Zone.
01 Invoice,111111111111111,ABC LTD.,IN20011835,5/24/2024,5/1/2024,5/31/2024,"37,723.32",-,PETR,100017023100003,100017XXXX00003,HR PLATE 3.00X12.00X25.00 MM,Supply of Goods from Designated Free Zone.
01 Invoice,111111111111111,ABC LTD.,IN70001474,5/27/2024,5/1/2024,5/31/2024,"36,972.66",-,ARCE,100303509200003,100303XXXX00003,HORIZONTAL TUBULAR HANDRAILING,Supplies to an entity within Same VAT Group.
01 Invoice,111111111111111,ABC LTD.,IN20011795,5/22/2024,5/1/2024,5/31/2024,"36,028.56",-,MCDE,NA,NAXXXXNA,"MS PLATE 2.00X12.00X25.00 MM
 item 32.1
 Ident no. SSXSPPLT0011290",Supply of Goods from Designated Free Zone.
01 Invoice,111111111111111,ABC LTD.,IN20011791,5/22/2024,5/1/2024,5/31/2024,"35,400.22",-,ARCE,100303509200003,100303XXXX00003,MS PLATE2.00X12.00X12.00 MM,Supplies to an entity within Same VAT Group.
01 Invoice,111111111111111,ABC LTD.,IN20011835,5/24/2024,5/1/2024,5/31/2024,"35,331.33",-,PETR,100017023100003,100017XXXX00003,HR PLATE 3.00X12.00X25.00 MM,Supply of Goods from Designated Free Zone.
01 Invoice,111111111111111,ABC LTD.,IN20011796,5/22/2024,5/1/2024,5/31/2024,"33,248.02",-,MCDE,NA,NAXXXXNA,"SHS 200X200X10.00 MMX12.00 M
 item no. 20.1
 Ident code: SSXSHSHS0008059",Supply of Goods from Designated Free Zone.
01 Invoice,111111111111111,ABC LTD.,IN20011827,5/30/2024,5/1/2024,5/31/2024,"33,113.02",-,ARCE,NA,NAXXXXNA,UPN 200X075X025.30 KG/MX12.00 M,Supply of Goods from Designated Free Zone.
01 Invoice,111111111111111,ABC LTD.,IN20011835,5/24/2024,5/1/2024,5/31/2024,"32,992.80",-,PETR,100017023100003,100017XXXX00003,HR PLATE 3.00X12.00X20.00 MM,Supply of Goods from Designated Free Zone.
01 Invoice,111111111111111,ABC LTD.,IN20011806,5/23/2024,5/1/2024,5/31/2024,"32,781.60",-,APT,100383993100003,100383XXXX00003,HR PLATE 2.00X12.00X60.00 MM,Supply of Goods from Designated Free Zone to another Desinated Free Zone.
01 Invoice,111111111111111,ABC LTD.,IN20011817,5/24/2024,5/1/2024,5/31/2024,"31,443.06",-,ARCE,NA,NAXXXXNA,"UB 457X152X067.20 KG/MX11.80 M
 item no 121",Supply of Goods from Designated Free Zone.
01 Invoice,111111111111111,ABC LTD.,IN70001474,5/27/2024,5/1/2024,5/31/2024,"30,032.71",-,ARCE,100303509200003,100303XXXX00003,HORIZONTAL TUBULAR HANDRAILING,Supplies to an entity within Same VAT Group.
01 Invoice,111111111111111,ABC LTD.,IN20011817,5/24/2024,5/1/2024,5/31/2024,"28,584.60",-,ARCE,NA,NAXXXXNA,"UB 457X152X067.20 KG/MX11.80 M
 item no 122",Supply of Goods from Designated Free Zone.
01 Invoice,111111111111111,ABC LTD.,IN20011822,5/29/2024,5/1/2024,5/31/2024,"28,544.40",-,SCRA,100358769600003,100358XXXX00003,SCRAP-TP,Supply of Goods from Designated Free Zone.
01 Invoice,111111111111111,ABC LTD.,IN5H0000405,5/31/2024,5/1/2024,5/31/2024,"28,410.91",-,DUTC,100253985400003,100253XXXX00003,CSP 0711.20X16.00 MMX18.00 M/DBB,Supply of Goods from Designated Free Zone.
01 Invoice,111111111111111,ABC LTD.,IN20011791,5/22/2024,5/1/2024,5/31/2024,"27,937.97",-,ARCE,100303509200003,100303XXXX00003,HR PLATE 2.00X12.00X50.00 MM,Supplies to an entity within Same VAT Group.
01 Invoice,111111111111111,ABC LTD.,IN20011835,5/24/2024,5/1/2024,5/31/2024,"26,396.56",-,PETR,100017023100003,100017XXXX00003,HR PLATE 3.00X12.00X16.00 MM,Supply of Goods from Designated Free Zone.
01 Invoice,111111111111111,ABC LTD.,IN5H0000324,5/4/2024,5/1/2024,5/31/2024,"26,386.10",-,AL R,300545025110003,300545XXXX10003,CSP 0812.00X07.92 MMX12.00 M/NEOM/23122502,Supply of Goods from Designated Free Zone.
01 Invoice,111111111111111,ABC LTD.,TI20000249,5/3/2024,5/1/2024,5/31/2024,"25,922.16",-,ARCE,100303509200003,100303XXXX00003,W 0250X250X073.00 KG/M (10X10.00X049) LBSX12.00 M,Supplies to an entity within Same VAT Group.
01 Invoice,111111111111111,ABC LTD.,IN70001474,5/27/2024,5/1/2024,5/31/2024,"25,154.01",-,ARCE,100303509200003,100303XXXX00003,SLOPING TUBULAR HANDRAILING,Supplies to an entity within Same VAT Group.
01 Invoice,111111111111111,ABC LTD.,IN20011779,5/15/2024,5/1/2024,5/31/2024,"24,864.40",-,ASSE,100284385000003,100284XXXX00003,HR PLATE 2.00X12.00X12.00 MM,Supply of Goods from Designated Free Zone.
01 Invoice,111111111111111,ABC LTD.,IN20011823,5/28/2024,5/1/2024,5/31/2024,"24,459.14",-,SHAW,100056895400003,100056XXXX00003,EQUAL ANGLE 120X120X12.00 MMX12.00 M,Supply of Goods from Designated Free Zone.
01 Invoice,111111111111111,ABC LTD.,IN5H0000362,5/18/2024,5/1/2024,5/31/2024,"23,824.35",-,TECT,100318773700003,100318XXXX00003,CSP 0609.60X07.92 MMX12.00 M/TECTON,Supply of Goods from Designated Free Zone.
01 Invoice,111111111111111,ABC LTD.,IN20011814,5/24/2024,5/1/2024,5/31/2024,"23,036.22",-,MCDE,NA,NAXXXXNA,"IPE 180X018.80 KG/MX11.80 M
 Item no. 3.1
 Ident no. SSXSBIPE0008023",Supply of Goods from Designated Free Zone.
01 Invoice,111111111111111,ABC LTD.,IN20011794,5/6/2024,5/1/2024,5/31/2024,"22,219.91",-,HEAV,NA,NAXXXXNA,HR PLATE 2.50X10.00X38.00 MM,Supply of Goods from Designated Free Zone.
01 Invoice,111111111111111,ABC LTD.,IN20011825,5/28/2024,5/1/2024,5/31/2024,"21,644.98",-,SHAW,100056895400003,100056XXXX00003,IPN 220X031.10 KG/MX12.00 M,Supply of Goods from Designated Free Zone.
01 Invoice,111111111111111,ABC LTD.,IN20011818,5/28/2024,5/1/2024,5/31/2024,"21,290.69",-,ARCE,100303509200003,100303XXXX00003,MS PLATE 2.00X12.00X18.00 MM,Supplies to an entity within Same VAT Group.
01 Invoice,111111111111111,ABC LTD.,IN20011796,5/22/2024,5/1/2024,5/31/2024,"21,062.69",-,MCDE,NA,NAXXXXNA,"RHS 300X200X10.00 MMX12.00 M
 item no. 17.1
 Ident code: SSXSHRHS0008033",Supply of Goods from Designated Free Zone.
01 Invoice,111111111111111,ABC LTD.,IN20011835,5/24/2024,5/1/2024,5/31/2024,"18,781.50",-,PETR,100017023100003,100017XXXX00003,HR PLATE 3.00X12.00X12.00 MM,Supply of Goods from Designated Free Zone.
01 Invoice,111111111111111,ABC LTD.,IN20011785,5/21/2024,5/1/2024,5/31/2024,"18,700.77",-,ARCE,100303509200003,100303XXXX00003,HEM 800X317.00 KG/MX11.80 M,Supplies to an entity within Same VAT Group.
01 Invoice,111111111111111,ABC LTD.,IN20011794,5/6/2024,5/1/2024,5/31/2024,"18,678.26",-,HEAV,NA,NAXXXXNA,HR PLATE 2.50X10.00X32.00 MM,Supply of Goods from Designated Free Zone.
01 Invoice,111111111111111,ABC LTD.,IN20011835,5/24/2024,5/1/2024,5/31/2024,"18,308.73",-,PETR,100017023100003,100017XXXX00003,HR PLATE 3.00X12.00X12.00 MM,Supply of Goods from Designated Free Zone.
01 Invoice,111111111111111,ABC LTD.,IN20011783,5/17/2024,5/1/2024,5/31/2024,"18,236.00",-,PROT,100336181100003,100336XXXX00003,ALUMINIZED COIL 00.60X1000,Supply of Goods from Designated Free Zone.
01 Invoice,111111111111111,ABC LTD.,IN20011795,5/22/2024,5/1/2024,5/31/2024,"18,014.28",-,MCDE,NA,NAXXXXNA,"HR PLATE 2.50X12.00X20.00 MM
 item no. 33.1
 Ident no. SSXSPPLT0011291",Supply of Goods from Designated Free Zone.
01 Invoice,111111111111111,ABC LTD.,IN20011794,5/6/2024,5/1/2024,5/31/2024,"17,497.70",-,HEAV,NA,NAXXXXNA,HR PLATE 2.50X10.00X30.00 MM,Supply of Goods from Designated Free Zone.
01 Invoice,111111111111111,ABC LTD.,IN20011767,5/6/2024,5/1/2024,5/31/2024,"17,462.95",-,ARCE,100303509200003,100303XXXX00003,"AND 47/40""/12.70 MM/3PCBND",Supplies to an entity within Same VAT Group.
01 Invoice,111111111111111,ABC LTD.,IN20011811,5/24/2024,5/1/2024,5/31/2024,"17,289.95",-,MCDE,NA,NAXXXXNA,"MS PLATE 2.00X12.00X08.00 MM
 item no. 29.1
 Ident no. SSXSPPLT0011287",Supply of Goods from Designated Free Zone.
01 Invoice,111111111111111,ABC LTD.,TI20000253,5/17/2024,5/1/2024,5/31/2024,"17,222.19",-,ACER,NA,NAXXXXNA,MS PLATE 2.00X06.00X06.00 MM,Supply of Goods from Designated Free Zone.
01 Invoice,111111111111111,ABC LTD.,IN20011812,5/24/2024,5/1/2024,5/31/2024,"17,195.91",-,MCDE,NA,NAXXXXNA,"UPN 200X075X025.30 KG/MX12.00 M
 Item no. 11.1
 Ident no. SSXSCUPN0008054",Supply of Goods from Designated Free Zone.
01 Invoice,111111111111111,ABC LTD.,IN20011825,5/28/2024,5/1/2024,5/31/2024,"16,039.72",-,SHAW,100056895400003,100056XXXX00003,EQUAL ANGLE 100X100X10.00 MMX12.00 M,Supply of Goods from Designated Free Zone.
01 Invoice,111111111111111,ABC LTD.,IN5H0000402,5/28/2024,5/1/2024,5/31/2024,"15,940.67",-,TAMA,100266222700003,100266XXXX00003,"ANG 67/40""/12.70 MM",Supply of Goods from Designated Free Zone.
01 Invoice,111111111111111,ABC LTD.,TI20000253,5/17/2024,5/1/2024,5/31/2024,"15,475.92",-,ACER,NA,NAXXXXNA,UC 254X254X088.90 KG/MX06.00 M,Supply of Goods from Designated Free Zone.
01 Invoice,111111111111111,ABC LTD.,IN20011805,5/23/2024,5/1/2024,5/31/2024,"15,260.40",-,APT,100383993100003,100383XXXX00003,HR PLATE 2.00X12.00X10.00 MM,Supply of Goods from Designated Free Zone to another Desinated Free Zone.
01 Invoice,111111111111111,ABC LTD.,IN20011798,5/23/2024,5/1/2024,5/31/2024,"14,885.34",-,MCDE,NA,NAXXXXNA,"SHS 150X150X08.00 MMX12.00 M
 item no. 19.1
 Ident code: SSXSHSHS0008058",Supply of Goods from Designated Free Zone.
01 Invoice,111111111111111,ABC LTD.,IN20011835,5/24/2024,5/1/2024,5/31/2024,"14,695.34",-,PETR,100017023100003,100017XXXX00003,HR PLATE 3.00X12.00X10.00 MM,Supply of Goods from Designated Free Zone.
01 Invoice,111111111111111,ABC LTD.,IN20011835,5/24/2024,5/1/2024,5/31/2024,"14,695.34",-,PETR,100017023100003,100017XXXX00003,HR PLATE 3.00X12.00X10.00 MM,Supply of Goods from Designated Free Zone.
01 Invoice,111111111111111,ABC LTD.,IN5H0000402,5/28/2024,5/1/2024,5/31/2024,"14,021.56",-,TAMA,100266222700003,100266XXXX00003,"ANG 47/40""/12.70 MM",Supply of Goods from Designated Free Zone.
01 Invoice,111111111111111,ABC LTD.,IN20011785,5/21/2024,5/1/2024,5/31/2024,"13,561.47",-,ARCE,100303509200003,100303XXXX00003,HEB 700X241.00 KG/MX11.80 M,Supplies to an entity within Same VAT Group.
01 Invoice,111111111111111,ABC LTD.,IN20011791,5/22/2024,5/1/2024,5/31/2024,"13,230.82",-,ARCE,100303509200003,100303XXXX00003,HR PLATE 2.00X06.00X50.00 MM,Supplies to an entity within Same VAT Group.
01 Invoice,111111111111111,ABC LTD.,IN20011768,5/6/2024,5/1/2024,5/31/2024,"12,952.50",-,TECH,100285044200003,100285XXXX00003,BQ PLATE 2.50X06.00X25.00 MM,Supply of Goods from Designated Free Zone to another Desinated Free Zone.
01 Invoice,111111111111111,ABC LTD.,IN20011797,5/22/2024,5/1/2024,5/31/2024,"12,869.05",-,MCDE,NA,NAXXXXNA,"UPN 260X090X037.90 KG/MX12.00 M
 Item no. 12.1
 Ident no. SSXSCUPN0008055",Supply of Goods from Designated Free Zone.
01 Invoice,111111111111111,ABC LTD.,IN20011825,5/28/2024,5/1/2024,5/31/2024,"12,382.16",-,SHAW,100056895400003,100056XXXX00003,UPN 100X050X010.60 KG/MX12.00 M,Supply of Goods from Designated Free Zone.
01 Invoice,111111111111111,ABC LTD.,IN20011809,5/24/2024,5/1/2024,5/31/2024,"12,301.20",-,SCRA,100358769600003,100358XXXX00003,PRODUCTION SCRAP,Supply of Goods from Designated Free Zone.
01 Invoice,111111111111111,ABC LTD.,IN5H0000402,5/28/2024,5/1/2024,5/31/2024,"10,946.92",-,TAMA,100266222700003,100266XXXX00003,"ANG 45/40""/12.70 MM",Supply of Goods from Designated Free Zone.
01 Invoice,111111111111111,ABC LTD.,IN5H0000402,5/28/2024,5/1/2024,5/31/2024,"10,946.92",-,TAMA,100266222700003,100266XXXX00003,"ANG 45/40""/12.70 MM",Supply of Goods from Designated Free Zone.
01 Invoice,111111111111111,ABC LTD.,IN5H0000402,5/28/2024,5/1/2024,5/31/2024,"10,946.92",-,TAMA,100266222700003,100266XXXX00003,"ANG 45/40""/12.70 MM",Supply of Goods from Designated Free Zone.
01 Invoice,111111111111111,ABC LTD.,IN5H0000402,5/28/2024,5/1/2024,5/31/2024,"10,946.92",-,TAMA,100266222700003,100266XXXX00003,"ANG 45/40""/12.70 MM",Supply of Goods from Designated Free Zone.
01 Invoice,111111111111111,ABC LTD.,IN5H0000402,5/28/2024,5/1/2024,5/31/2024,"10,946.92",-,TAMA,100266222700003,100266XXXX00003,"ANG 45/40""/12.70 MM",Supply of Goods from Designated Free Zone.
01 Invoice,111111111111111,ABC LTD.,IN5H0000402,5/28/2024,5/1/2024,5/31/2024,"10,946.92",-,TAMA,100266222700003,100266XXXX00003,"ANG 45/40""/12.70 MM",Supply of Goods from Designated Free Zone.
01 Invoice,111111111111111,ABC LTD.,IN5H0000402,5/28/2024,5/1/2024,5/31/2024,"10,946.92",-,TAMA,100266222700003,100266XXXX00003,"ANG 45/40""/12.70 MM",Supply of Goods from Designated Free Zone.
01 Invoice,111111111111111,ABC LTD.,IN5H0000402,5/28/2024,5/1/2024,5/31/2024,"10,780.90",-,TAMA,100266222700003,100266XXXX00003,"ANG 43/40""/12.70 MM",Supply of Goods from Designated Free Zone.
01 Invoice,111111111111111,ABC LTD.,IN20011818,5/28/2024,5/1/2024,5/31/2024,"10,770.46",-,ARCE,100303509200003,100303XXXX00003,HR PLATE 2.00X12.00X10.00 MM,Supplies to an entity within Same VAT Group.
01 Invoice,111111111111111,ABC LTD.,IN20011812,5/24/2024,5/1/2024,5/31/2024,"10,757.48",-,MCDE,NA,NAXXXXNA,"UPN 100X050X010.60 KG/MX12.00 M
 Item no. 9.1
 Ident no. SSXSCUPN0008051",Supply of Goods from Designated Free Zone.
01 Invoice,111111111111111,ABC LTD.,IN20011825,5/28/2024,5/1/2024,5/31/2024,"10,742.14",-,SHAW,100056895400003,100056XXXX00003,HEB 180X051.20 KG/MX12.00 M,Supply of Goods from Designated Free Zone.
01 Invoice,111111111111111,ABC LTD.,IN20011771,5/6/2024,5/1/2024,5/31/2024,"10,362.00",-,APT,100256907500003,100256XXXX00003,HR PLATE 2.00X06.00X40.00 MM,Supply of Goods from Designated Free Zone.
01 Invoice,111111111111111,ABC LTD.,IN20011817,5/24/2024,5/1/2024,5/31/2024,"10,289.22",-,ARCE,NA,NAXXXXNA,"UB 533X210X082.20 KG/MX11.80 M
 item no 124",Supply of Goods from Designated Free Zone.
01 Invoice,111111111111111,ABC LTD.,IN20011816,5/24/2024,5/1/2024,5/31/2024,"10,115.97",-,ARCE,NA,NAXXXXNA,EQUAL ANGLE 200X200X16.00 MMX12.00 M,Supply of Goods from Designated Free Zone.
01 Invoice,111111111111111,ABC LTD.,IN5H0000402,5/28/2024,5/1/2024,5/31/2024,"9,767.39",-,TAMA,100266222700003,100266XXXX00003,"ANG 25/40""/12.70 MM",Supply of Goods from Designated Free Zone.
01 Invoice,111111111111111,ABC LTD.,IN5H0000402,5/28/2024,5/1/2024,5/31/2024,"9,632.76",-,TAMA,100266222700003,100266XXXX00003,"ANG 29/40""/12.70 MM",Supply of Goods from Designated Free Zone.
01 Invoice,111111111111111,ABC LTD.,TI20000253,5/17/2024,5/1/2024,5/31/2024,"9,419.96",-,ACER,NA,NAXXXXNA,EQUAL ANGLE 050X050X06.00 MMX06.00 M,Supply of Goods from Designated Free Zone.
01 Invoice,111111111111111,ABC LTD.,IN5H0000387,5/28/2024,5/1/2024,5/31/2024,"9,300.00",-,AL A,100326987300003,100326XXXX00003,PLASTIC SCRAP,Supply of Goods from Designated Free Zone.
01 Invoice,111111111111111,ABC LTD.,IN20011808,5/23/2024,5/1/2024,5/31/2024,"9,042.51",-,MCDE,NA,NAXXXXNA,"UPN 140X060X016.00 KG/MX12.00 M
 Item no. 10.1
 Ident no. SSXSCUPN0008053",Supply of Goods from Designated Free Zone.
01 Invoice,111111111111111,ABC LTD.,IN20011791,5/22/2024,5/1/2024,5/31/2024,"8,848.96",-,ARCE,100303509200003,100303XXXX00003,MS PLATE 2.00X12.00X15.00 MM,Supplies to an entity within Same VAT Group.
01 Invoice,111111111111111,ABC LTD.,IN70001467,5/16/2024,5/1/2024,5/31/2024,"8,802.71",-,ARCE,100303509200003,100303XXXX00003,EQUAL ANGLE 050X050X06.00 MMX06.0 M,Supplies to an entity within Same VAT Group.
01 Invoice,111111111111111,ABC LTD.,IN20011782,5/17/2024,5/1/2024,5/31/2024,"8,537.00",-,FABT,100209012200003,100209XXXX00003,HR PLATE 2.50X06.00X25.00 MM,Supply of Goods from Designated Free Zone.
01 Invoice,111111111111111,ABC LTD.,IN20011781,5/17/2024,5/1/2024,5/31/2024,"8,340.00",-,KANA,100339555300003,100339XXXX00003,ARMOUR/BALLISTIC PLATE 1.50X03.00X04.20 MM,Supply of Goods from Designated Free Zone.
01 Invoice,111111111111111,ABC LTD.,IN20011801,5/23/2024,5/1/2024,5/31/2024,"8,294.20",-,PANO,100587028000003,100587XXXX00003,PLATE 1.50X03.00X06.50 MM - Plate replacement free of charge,Supply of Goods from Designated Free Zone.
01 Invoice,111111111111111,ABC LTD.,IN20011827,5/30/2024,5/1/2024,5/31/2024,"8,194.60",-,ARCE,NA,NAXXXXNA,UPN 200X075X025.30 KG/MX12.00 M,Supply of Goods from Designated Free Zone.
01 Invoice,111111111111111,ABC LTD.,IN20011794,5/6/2024,5/1/2024,5/31/2024,"8,053.28",-,HEAV,NA,NAXXXXNA,HR PLATE 2.50X10.00X14.00 MM,Supply of Goods from Designated Free Zone.
01 Invoice,111111111111111,ABC LTD.,IN20011816,5/24/2024,5/1/2024,5/31/2024,"8,016.45",-,ARCE,NA,NAXXXXNA,EQUAL ANGLE 200X200X16.00 MMX12.00 M,Supply of Goods from Designated Free Zone.
01 Invoice,111111111111111,ABC LTD.,IN20011767,5/6/2024,5/1/2024,5/31/2024,"7,973.00",-,ARCE,100303509200003,100303XXXX00003,"ANG 45/40""/12.70 MM/3PCBND",Supplies to an entity within Same VAT Group.
01 Invoice,111111111111111,ABC LTD.,IN20011767,5/6/2024,5/1/2024,5/31/2024,"7,973.00",-,ARCE,100303509200003,100303XXXX00003,"ANG 45/40""/12.70 MM/3PCBND",Supplies to an entity within Same VAT Group.
01 Invoice,111111111111111,ABC LTD.,IN20011776,5/14/2024,5/1/2024,5/31/2024,"7,973.00",-,ARCE,100303509200003,100303XXXX00003,"ANG 45/40""/12.70 MM/3PCBND",Supplies to an entity within Same VAT Group.
01 Invoice,111111111111111,ABC LTD.,IN20011776,5/14/2024,5/1/2024,5/31/2024,"7,973.00",-,ARCE,100303509200003,100303XXXX00003,"ANG 45/40""/12.70 MM/3PCBND",Supplies to an entity within Same VAT Group.
01 Invoice,111111111111111,ABC LTD.,IN20011776,5/14/2024,5/1/2024,5/31/2024,"7,973.00",-,ARCE,100303509200003,100303XXXX00003,"ANG 45/40""/12.70 MM/3PCBND",Supplies to an entity within Same VAT Group.
01 Invoice,111111111111111,ABC LTD.,IN20011777,5/16/2024,5/1/2024,5/31/2024,"7,973.00",-,ARCE,100303509200003,100303XXXX00003,"ANG 45/40""/12.70 MM/3PCBND",Supplies to an entity within Same VAT Group.
01 Invoice,111111111111111,ABC LTD.,IN20011777,5/16/2024,5/1/2024,5/31/2024,"7,973.00",-,ARCE,100303509200003,100303XXXX00003,"ANG 45/40""/12.70 MM/3PCBND",Supplies to an entity within Same VAT Group.
01 Invoice,111111111111111,ABC LTD.,IN5H0000362,5/18/2024,5/1/2024,5/31/2024,"7,959.60",-,TECT,100318773700003,100318XXXX00003,CSP 0812.00X07.92 MMX12.00 M/TECTON,Supply of Goods from Designated Free Zone.
01 Invoice,111111111111111,ABC LTD.,IN20011777,5/16/2024,5/1/2024,5/31/2024,"7,745.65",-,ARCE,100303509200003,100303XXXX00003,"ANG 45/40""/12.70 MM/3PCBND",Supplies to an entity within Same VAT Group.
01 Invoice,111111111111111,ABC LTD.,IN20011785,5/21/2024,5/1/2024,5/31/2024,"7,206.64",-,ARCE,100303509200003,100303XXXX00003,HEA 120X019.90 KG/MX11.80 M,Supplies to an entity within Same VAT Group.
01 Invoice,111111111111111,ABC LTD.,IN20011810,5/24/2024,5/1/2024,5/31/2024,"7,204.16",-,MCDE,NA,NAXXXXNA,"HR PLATE 2.50X12.00X08.00 MM
 item no. 28.1
 Ident no. SSXSPPLT0011286",Supply of Goods from Designated Free Zone.
01 Invoice,111111111111111,ABC LTD.,IN20011815,5/24/2024,5/1/2024,5/31/2024,"7,204.16",-,MCDE,NA,NAXXXXNA,"HR PLATE 2.50X12.00X08.00 MM
 item no. 28.1
 Ident no. SSXSPPLT0011286",Supply of Goods from Designated Free Zone.
01 Invoice,111111111111111,ABC LTD.,IN20011817,5/24/2024,5/1/2024,5/31/2024,"6,859.48",-,ARCE,NA,NAXXXXNA,"UB 533X210X082.20 KG/MX11.80 M
 item no 123",Supply of Goods from Designated Free Zone.
01 Invoice,111111111111111,ABC LTD.,IN70001474,5/27/2024,5/1/2024,5/31/2024,"6,302.06",-,ARCE,100303509200003,100303XXXX00003,SLOPING TUBULAR HANDRAILING,Supplies to an entity within Same VAT Group.
01 Invoice,111111111111111,ABC LTD.,IN20011777,5/16/2024,5/1/2024,5/31/2024,"6,222.04",-,ARCE,100303509200003,100303XXXX00003,"ANG 29/40""/12.70 MM/3PCBND",Supplies to an entity within Same VAT Group.
01 Invoice,111111111111111,ABC LTD.,IN20011807,5/23/2024,5/1/2024,5/31/2024,"6,217.16",-,ASSE,100284385000003,100284XXXX00003,HR PLATE 2.00X12.00X12.00 MM,Supply of Goods from Designated Free Zone.
01 Invoice,111111111111111,ABC LTD.,IN20011823,5/28/2024,5/1/2024,5/31/2024,"6,012.18",-,SHAW,100056895400003,100056XXXX00003,UPN 120X055X013.40 KG/MX12.00 M,Supply of Goods from Designated Free Zone.
01 Invoice,111111111111111,ABC LTD.,IN5H0000362,5/18/2024,5/1/2024,5/31/2024,"5,957.33",-,TECT,100318773700003,100318XXXX00003,CSP 0609.60X07.92 MMX12.00 M/TECTON,Supply of Goods from Designated Free Zone.
01 Invoice,111111111111111,ABC LTD.,IN5H0000402,5/28/2024,5/1/2024,5/31/2024,"5,826.15",-,TAMA,100266222700003,100266XXXX00003,"ANG 15/40""/12.70 MM",Supply of Goods from Designated Free Zone.
01 Invoice,111111111111111,ABC LTD.,IN5H0000402,5/28/2024,5/1/2024,5/31/2024,"5,826.15",-,TAMA,100266222700003,100266XXXX00003,"ANG 15/40""/12.70 MM",Supply of Goods from Designated Free Zone.
01 Invoice,111111111111111,ABC LTD.,IN20011776,5/14/2024,5/1/2024,5/31/2024,"5,800.75",-,ARCE,100303509200003,100303XXXX00003,"ANG 25/40""/12.70 MM/3PCBND",Supplies to an entity within Same VAT Group.
01 Invoice,111111111111111,ABC LTD.,IN5H0000402,5/28/2024,5/1/2024,5/31/2024,"5,515.43",-,TAMA,100266222700003,100266XXXX00003,"ANG 13/40""/12.70 MM",Supply of Goods from Designated Free Zone.
01 Invoice,111111111111111,ABC LTD.,IN20011793,5/22/2024,5/1/2024,5/31/2024,"5,434.37",-,ARCE,100303509200003,100303XXXX00003,CARBOGUARD 890 GF BLACK 9005 38L,Supplies to an entity within Same VAT Group.
01 Invoice,111111111111111,ABC LTD.,IN5H0000402,5/28/2024,5/1/2024,5/31/2024,"5,353.99",-,TAMA,100266222700003,100266XXXX00003,"ANG 09/40""/12.70 MM",Supply of Goods from Designated Free Zone.
01 Invoice,111111111111111,ABC LTD.,IN5H0000402,5/28/2024,5/1/2024,5/31/2024,"5,313.73",-,TAMA,100266222700003,100266XXXX00003,"ANG 08/40""/12.70 M8",Supply of Goods from Designated Free Zone.
01 Invoice,111111111111111,ABC LTD.,2GJ1620454,5/31/2024,5/1/2024,5/31/2024,"4,946.23",-,ARCE,100007760000003,100007XXXX00003,Rental Income,Income related to an Immovable property in DFZ.
01 Invoice,111111111111111,ABC LTD.,IN20011775,5/16/2024,5/1/2024,5/31/2024,"4,185.77",-,ARCE,100303509200003,100303XXXX00003,HR PLATE 2.00X06.00X14.00 MM,Supplies to an entity within Same VAT Group.
01 Invoice,111111111111111,ABC LTD.,IN70001474,5/27/2024,5/1/2024,5/31/2024,"4,122.50",-,ARCE,100303509200003,100303XXXX00003,LADDER WITH CAGE,Supplies to an entity within Same VAT Group.
01 Invoice,111111111111111,ABC LTD.,IN70001474,5/27/2024,5/1/2024,5/31/2024,"4,016.05",-,ARCE,100303509200003,100303XXXX00003,SLOPING TUBULAR HANDRAILING,Supplies to an entity within Same VAT Group.
01 Invoice,111111111111111,ABC LTD.,IN20011787,5/17/2024,5/1/2024,5/31/2024,"3,916.35",-,MCDE,100039910300003,100039XXXX00003,PFC 150X075X017.90 KG/MX12.00 M,Supply of Goods from Designated Free Zone.
01 Invoice,111111111111111,ABC LTD.,IN20011776,5/14/2024,5/1/2024,5/31/2024,"3,912.01",-,ARCE,100303509200003,100303XXXX00003,"ANG 15/40""/12.70 MM/2PCBND",Supplies to an entity within Same VAT Group.
01 Invoice,111111111111111,ABC LTD.,IN20011777,5/16/2024,5/1/2024,5/31/2024,"3,912.01",-,ARCE,100303509200003,100303XXXX00003,"ANG 15/40""/12.70 MM/2PCBND",Supplies to an entity within Same VAT Group.
01 Invoice,111111111111111,ABC LTD.,IN20011771,5/6/2024,5/1/2024,5/31/2024,"3,815.04",-,APT,100256907500003,100256XXXX00003,MS PLATE 2.00X06.00X15.00 MM,Supply of Goods from Designated Free Zone.
01 Invoice,111111111111111,ABC LTD.,IN20011776,5/14/2024,5/1/2024,5/31/2024,"3,798.86",-,ARCE,100303509200003,100303XXXX00003,"ANG 13/40""/12.70 MM/2PCBND",Supplies to an entity within Same VAT Group.
01 Invoice,111111111111111,ABC LTD.,IN20011814,5/24/2024,5/1/2024,5/31/2024,"3,798.53",-,MCDE,NA,NAXXXXNA,"HEA 260X068.20 KG/MX11.80 M
 item no. 2.1
 Ident no. SSXSBHEA0008045",Supply of Goods from Designated Free Zone.
01 Invoice,111111111111111,ABC LTD.,IN5H0000375,5/9/2024,5/1/2024,5/31/2024,"3,600.00",-,SAUD,300338689200003,300338XXXX00003,CSP 1524.00X09.53 MMX18.00 M/SAUDI BASHAYER(RING),Supply of Goods from Designated Free Zone.
01 Invoice,111111111111111,ABC LTD.,IN20011776,5/14/2024,5/1/2024,5/31/2024,"3,588.22",-,ARCE,100303509200003,100303XXXX00003,"ANG 09/40""/12.70 MM/2PCBND",Supplies to an entity within Same VAT Group.
01 Invoice,111111111111111,ABC LTD.,IN20011776,5/14/2024,5/1/2024,5/31/2024,"3,532.72",-,ARCE,100303509200003,100303XXXX00003,"ANG 08/40""/12.70 MM/2PCBND",Supplies to an entity within Same VAT Group.
01 Invoice,111111111111111,ABC LTD.,IN20011816,5/24/2024,5/1/2024,5/31/2024,"3,475.84",-,ARCE,NA,NAXXXXNA,"EQUAL ANGLE 050X050X06.00 MMX06.00 M
 item no 4",Supply of Goods from Designated Free Zone.
01 Invoice,111111111111111,ABC LTD.,IN5H0000331,5/7/2024,5/1/2024,5/31/2024,"3,356.61",-,ARCE,100303509200003,100303XXXX00003,BARE PIPE 1016.00X07.92 MMX18.00 M/TECTON,Supplies to an entity within Same VAT Group.
01 Invoice,111111111111111,ABC LTD.,IN20011832,5/31/2024,5/1/2024,5/31/2024,"3,328.17",-,DRY,100041207000003,100041XXXX00003,HEB 180X051.20 KG/MX11.80 M,Supply of Goods from Designated Free Zone to another Desinated Free Zone.
01 Invoice,111111111111111,ABC LTD.,IN20011772,5/13/2024,5/1/2024,5/31/2024,"3,148.16",-,PETR,100372101400003,100372XXXX00003,MS PLATE 2.00X06.00X12.00 MM,Supply of Goods from Designated Free Zone.
01 Invoice,111111111111111,ABC LTD.,IN70001454,5/9/2024,5/1/2024,5/31/2024,"3,137.18",-,ARCE,100303509200003,100303XXXX00003,MS PLATE 2.00X06.00X12.00 MM,Supplies to an entity within Same VAT Group.
01 Invoice,111111111111111,ABC LTD.,IN20011786,5/21/2024,5/1/2024,5/31/2024,"3,092.06",-,ARCE,100303509200003,100303XXXX00003,UNEQUAL ANGLE 125X090X10.00 MMX05.80 M,Supplies to an entity within Same VAT Group.
01 Invoice,111111111111111,ABC LTD.,IN20011818,5/28/2024,5/1/2024,5/31/2024,"2,692.62",-,ARCE,100303509200003,100303XXXX00003,HR PLATE 2.00X06.00X10.00 MM,Supplies to an entity within Same VAT Group.
01 Invoice,111111111111111,ABC LTD.,IN20011774,5/16/2024,5/1/2024,5/31/2024,"2,685.94",-,ARCE,100303509200003,100303XXXX00003,HR PLATE 2.00X06.00X10.00 MM,Supplies to an entity within Same VAT Group.
01 Invoice,111111111111111,ABC LTD.,IN20011808,5/23/2024,5/1/2024,5/31/2024,"2,638.59",-,MCDE,NA,NAXXXXNA,"IPE 160X015.80 KG/MX12.00 M
 Item no. 6.1
 Ident no. SSXSBIPE0008053",Supply of Goods from Designated Free Zone.
01 Invoice,111111111111111,ABC LTD.,IN20011805,5/23/2024,5/1/2024,5/31/2024,"2,543.40",-,APT,100383993100003,100383XXXX00003,HR PLATE 2.00X06.00X10.00 MM,Supply of Goods from Designated Free Zone to another Desinated Free Zone.
01 Invoice,111111111111111,ABC LTD.,IN20011812,5/24/2024,5/1/2024,5/31/2024,"2,492.20",-,MCDE,NA,NAXXXXNA,"UPN 180X070X022.00 KG/MX12.00 M
 Item no. 13.1
 Ident no. SSXSCUPN0008068",Supply of Goods from Designated Free Zone.
01 Invoice,111111111111111,ABC LTD.,IN20011767,5/6/2024,5/1/2024,5/31/2024,"2,261.18",-,ARCE,100303509200003,100303XXXX00003,"ANG 67/40""/12.70 MM/4PCBND",Supplies to an entity within Same VAT Group.
01 Invoice,111111111111111,ABC LTD.,TI20000253,5/17/2024,5/1/2024,5/31/2024,"2,245.81",-,ACER,NA,NAXXXXNA,UC 203X203X052.00 KG/MX06.00 M,Supply of Goods from Designated Free Zone.
01 Invoice,111111111111111,ABC LTD.,IN20011803,5/27/2024,5/1/2024,5/31/2024,"2,123.01",-,ARCE,100303509200003,100303XXXX00003,UPN 080X045X008.64 KG/MX12.00 M,Supplies to an entity within Same VAT Group.
01 Invoice,111111111111111,ABC LTD.,IN20011772,5/13/2024,5/1/2024,5/31/2024,"2,098.78",-,PETR,100372101400003,100372XXXX00003,HR PLATE 2.00X06.00X08.00 MM,Supply of Goods from Designated Free Zone.
01 Invoice,111111111111111,ABC LTD.,IN20011824,5/28/2024,5/1/2024,5/31/2024,"2,020.94",-,SHAW,100056895400003,100056XXXX00003,IPE 140X012.90 KG/MX12.0 M,Supply of Goods from Designated Free Zone.
01 Invoice,111111111111111,ABC LTD.,IN20011762,5/1/2024,5/1/2024,5/31/2024,"1,782.93",-,ARCE,100303509200003,100303XXXX00003,CONNECTION PLATES,Supplies to an entity within Same VAT Group.
01 Invoice,111111111111111,ABC LTD.,IN20011823,5/28/2024,5/1/2024,5/31/2024,"1,737.17",-,SHAW,100056895400003,100056XXXX00003,IPE 100X008.10 KG/MX12.00 M,Supply of Goods from Designated Free Zone.
01 Invoice,111111111111111,ABC LTD.,IN5H0000331,5/7/2024,5/1/2024,5/31/2024,"1,561.27",-,ARCE,100303509200003,100303XXXX00003,CSP 0609.60X07.92 MMX12.00 M/TECTON,Supplies to an entity within Same VAT Group.
01 Invoice,111111111111111,ABC LTD.,IN20011823,5/28/2024,5/1/2024,5/31/2024,"1,165.50",-,SHAW,100056895400003,100056XXXX00003,EQUAL ANGLE 100X100X12.00 MMX12.00 M,Supply of Goods from Designated Free Zone.
01 Invoice,111111111111111,ABC LTD.,IN20011764,5/6/2024,5/1/2024,5/31/2024,"1,088.84",-,ARCE,100303509200003,100303XXXX00003,SQ PLATE 200 MMX200 MMX30.00 MM,Supplies to an entity within Same VAT Group.
01 Invoice,111111111111111,ABC LTD.,TI20000253,5/17/2024,5/1/2024,5/31/2024,935.75,-,ACER,NA,NAXXXXNA,UB 203X102X023.10 KG/MX06.00 M,Supply of Goods from Designated Free Zone.
01 Invoice,111111111111111,ABC LTD.,IN20011786,5/21/2024,5/1/2024,5/31/2024,914.06,-,ARCE,100303509200003,100303XXXX00003,UNEQUAL ANGLE 125X090X10.00 MMX12.00 M,Supplies to an entity within Same VAT Group.
01 Invoice,111111111111111,ABC LTD.,TI20000251,5/20/2024,5/1/2024,5/31/2024,548.35,-,ARCE,100303509200003,100303XXXX00003,EQUAL ANGLE 080X080X08.00 MMX06.10 M,Supplies to an entity within Same VAT Group.
01 Invoice,111111111111111,ABC LTD.,IN20011787,5/17/2024,5/1/2024,5/31/2024,524.43,-,MCDE,100039910300003,100039XXXX00003,PFC 100X050X010.20 KG/MX12.00 M,Supply of Goods from Designated Free Zone.
01 Invoice,111111111111111,ABC LTD.,IN20011764,5/6/2024,5/1/2024,5/31/2024,520,-,ARCE,100303509200003,100303XXXX00003,TQ PLATE 200 MMX200 MMX30.00 MM,Supplies to an entity within Same VAT Group.
01 Invoice,111111111111111,ABC LTD.,IN20011762,5/1/2024,5/1/2024,5/31/2024,445.3,-,ARCE,100303509200003,100303XXXX00003,STUD BOLT,Supplies to an entity within Same VAT Group.
01 Invoice,111111111111111,ABC LTD.,TI20000251,5/20/2024,5/1/2024,5/31/2024,440.69,-,ARCE,100303509200003,100303XXXX00003,EQUAL ANGLE 050X050X05.00 MMX06.10 M,Supplies to an entity within Same VAT Group.
01 Invoice,111111111111111,ABC LTD.,IN20011819,5/28/2024,5/1/2024,5/31/2024,431.24,-,ARCE,100303509200003,100303XXXX00003,HE 90/60,Supplies to an entity within Same VAT Group.
01 Invoice,111111111111111,ABC LTD.,IN20011762,5/1/2024,5/1/2024,5/31/2024,299.31,-,ARCE,100303509200003,100303XXXX00003,PLATE 00.20 X00.20X30.00 MM,Supplies to an entity within Same VAT Group.
01 Invoice,111111111111111,ABC LTD.,IN20011816,5/24/2024,5/1/2024,5/31/2024,129.28,-,ARCE,NA,NAXXXXNA,"ROUND BAR 025 MMX06.00 M
 ITEM NO 4 -40PCS",Supply of Goods from Designated Free Zone.
01 Invoice,111111111111111,ABC LTD.,IN20011762,5/1/2024,5/1/2024,5/31/2024,71.34,-,ARCE,100303509200003,100303XXXX00003,NUTS,Supplies to an entity within Same VAT Group.
01 Invoice,111111111111111,ABC LTD.,IN20011787,5/17/2024,5/1/2024,5/31/2024,44.47,-,MCDE,100039910300003,100039XXXX00003,FB 050X06 MMX06.00 M,Supply of Goods from Designated Free Zone.
02 Credit Note,111111111111111,ABC LTD.,2CN1600333,5/31/2024,5/1/2024,5/31/2024,-6.14,-,3C M,100387605700003,100387XXXX00003,IN20011364-SALES ADJUSTMENT-DIFF BETWEEN CUSTOMER PO AND INVOICE,Credit Note related to a supply from Designated Free Zone.
02 Credit Note,111111111111111,ABC LTD.,2CN1600334,5/31/2024,5/1/2024,5/31/2024,-425.05,-,KNIG,100051109500003,100051XXXX00003,IN20007887-SALES ADJUSTMENT-DIFF BETWEEN CUSTOMER PO AND INVOICE,Credit Note related to a supply from Designated Free Zone.
02 Credit Note,111111111111111,ABC LTD.,2CN1600332,5/31/2024,5/1/2024,5/31/2024,"-38,184.82",-,KANA,100339555300003,100339XXXX00003,IN20011183/287/134-REPLACEMENT PLATES TO BE CONSIDERED FREE OF CHARGE,Credit Note related to a supply from Designated Free Zone.