Transaction Type,Taxpayer TRN,Company Name / Member Company Name (If applicable),Tax Invoice/Tax credit note No,Tax Invoice/Tax credit note Date,Reporting period from,Reporting period to,Tax Invoice/Tax credit note Amount AED (before VAT),VAT Amount AED,Customer Name,Customer TRN,Clear description of the supply,Reason of Out-of-Scope Sales treatment
01 Invoice,111111111111111,ABC LTD.,IN5H0000406,6/1/2024,6/1/2024,6/30/2024,"356,597.47",-,AL R,30054XXXXX10003,COATED PIPE 0609.60X07.92 MMX12.00 M/NEOM/240503,Goods - OOS - FZ
01 Invoice,111111111111111,ABC LTD.,IN20011839,6/2/2024,6/1/2024,6/30/2024,"306,988.68",-,LARS,XXXXX,"HR PLATE 3.05X12.00X10.00 MM
 Item 1",Goods - OOS - FZ
01 Invoice,111111111111111,ABC LTD.,IN20011839,6/2/2024,6/1/2024,6/30/2024,"16,016.84",-,LARS,XXXXX,"HR PLATE 3.05X12.00X12.00 MM
 Item 2",Goods - OOS - FZ
01 Invoice,111111111111111,ABC LTD.,IN20011840,6/2/2024,6/1/2024,6/30/2024,"304,319.91",-,LARS,XXXXX,"HR PLATE 3.05X12.00X12.00 MM
 Item 2",Goods - OOS - FZ
01 Invoice,111111111111111,ABC LTD.,IN20011836,6/3/2024,6/1/2024,6/30/2024,"5,294.84",-,ARCE,10030XXXXX00003,"40"" UNEQUAL TEE",Goods - OOS - FZ
01 Invoice,111111111111111,ABC LTD.,IN20011889,6/3/2024,6/1/2024,6/30/2024,"166,243.06",-,SAUD,30019XXXXX10003,LSAW 1320.80X30.00 MMX24.00 M,Goods - OOS - FZ
01 Invoice,111111111111111,ABC LTD.,IN20011841,6/3/2024,6/1/2024,6/30/2024,"66,410.69",-,ARCE,XXXXX,MS PLATE 2.00X12.00X12.00 MM,Goods - OOS - FZ
01 Invoice,111111111111111,ABC LTD.,IN20011842,6/3/2024,6/1/2024,6/30/2024,"10,033.20",-,SCRA,10035XXXXX00003,SCRAP-TP,Goods - OOS - FZ
01 Invoice,111111111111111,ABC LTD.,IN20011842,6/3/2024,6/1/2024,6/30/2024,"21,297.60",-,SCRA,10035XXXXX00003,SCRAP-TP,Goods - OOS - FZ
01 Invoice,111111111111111,ABC LTD.,IN5H0000410,6/3/2024,6/1/2024,6/30/2024,"349,949.16",-,ARCE,10030XXXXX00003,W 0250X250X073.00 KG/M (10X10.00X049) LBSX12.00 M,Goods - OOS - FZ
01 Invoice,111111111111111,ABC LTD.,IN5H0000410,6/3/2024,6/1/2024,6/30/2024,"12,961.08",-,ARCE,10030XXXXX00003,W 0250X250X073.00 KG/M (10X10.00X049) LBSX12.00 M,Goods - OOS - FZ
01 Invoice,111111111111111,ABC LTD.,IN20011836,6/3/2024,6/1/2024,6/30/2024,"10,424.18",-,ARCE,10030XXXXX00003,"ANG 45/40""/12.70 MM",Goods - OOS - FZ
01 Invoice,111111111111111,ABC LTD.,IN20011890,6/4/2024,6/1/2024,6/30/2024,"166,243.06",-,SAUD,30019XXXXX10003,LSAW 1320.80X30.00 MMX24.00 M,Goods - OOS - FZ
01 Invoice,111111111111111,ABC LTD.,IN20011863,6/4/2024,6/1/2024,6/30/2024,"70,461.60",-,ASSE,10028XXXXX00003,HR PLATE 2.00X06.00X16.00 MM,Goods - OOS - FZ
01 Invoice,111111111111111,ABC LTD.,IN5H0000436,6/4/2024,6/1/2024,6/30/2024,"47,481.20",-,AL R,30054XXXXX10003,CSP 0812.80X07.92 MMX12.00 M/NEOM,Goods - OOS - FZ
01 Invoice,111111111111111,ABC LTD.,IN20011867,6/5/2024,6/1/2024,6/30/2024,"11,057.05",-,PION,XXXXX,SP 273.10X21.44 MM X06.00 M,Goods - OOS - FZ
01 Invoice,111111111111111,ABC LTD.,IN20011867,6/5/2024,6/1/2024,6/30/2024,"7,204.78",-,PION,XXXXX,SP 508.00X14.20 MM X06.00 M,Goods - OOS - FZ
01 Invoice,111111111111111,ABC LTD.,IN20011867,06/05/2024,6/1/2024,6/30/2024,"9,752.14",-,PION,XXXXX,SP 168.30X10.00 MM X12.00 M,Goods - OOS - FZ
01 Invoice,111111111111111,ABC LTD.,IN20011867,6/5/2024,6/1/2024,6/30/2024,"10,272.72",-,PION,XXXXX,SP 406.40X12.70 MM X12.00 M,Goods - OOS - FZ
01 Invoice,111111111111111,ABC LTD.,IN20011867,6/5/2024,6/1/2024,6/30/2024,"22,877.62",-,PION,XXXXX,SP 406.40X14.20 MM X12.00 M,Goods - OOS - FZ
01 Invoice,111111111111111,ABC LTD.,IN20011867,6/5/2024,6/1/2024,6/30/2024,"38,494.92",-,PION,XXXXX,SP 406.40X16.00 MM X12.00 M,Goods - OOS - FZ
01 Invoice,111111111111111,ABC LTD.,IN20011867,6/5/2024,6/1/2024,6/30/2024,"2,568.18",-,PION,XXXXX,ROUND BAR 100 MMX06.00 M,Goods - OOS - FZ
01 Invoice,111111111111111,ABC LTD.,IN20011867,6/5/2024,6/1/2024,6/30/2024,"11,522.10",-,PION,XXXXX,ROUND BAR 150 MMX06.00 M,Goods - OOS - FZ
01 Invoice,111111111111111,ABC LTD.,IN20011867,6/5/2024,6/1/2024,6/30/2024,"8,225.11",-,PION,XXXXX,ROUND BAR 020 MMX06.00 M,Goods - OOS - FZ
01 Invoice,111111111111111,ABC LTD.,IN20011867,6/5/2024,6/1/2024,6/30/2024,485.87,-,PION,XXXXX,ROUND BAR 030 MMX06.00 M,Goods - OOS - FZ
01 Invoice,111111111111111,ABC LTD.,IN20011867,6/5/2024,6/1/2024,6/30/2024,"11,515.16",-,PION,XXXXX,ROUND BAR 050 MMX03.00 M,Goods - OOS - FZ
01 Invoice,111111111111111,ABC LTD.,IN20011867,6/5/2024,6/1/2024,6/30/2024,"2,776.41",-,PION,XXXXX,ROUND BAR 085 MMX03.00 M,Goods - OOS - FZ
01 Invoice,111111111111111,ABC LTD.,IN20011843,6/5/2024,6/1/2024,6/30/2024,"26,125.20",-,SCRA,10035XXXXX00003,REMELTABLE SCRAP,Goods - OOS - FZ
01 Invoice,111111111111111,ABC LTD.,IN10006267,6/5/2024,6/1/2024,6/30/2024,"40,649.70",-,ARCE,10030XXXXX00003,REMELTABLE SCRAP,OOS - Same VAT Group
01 Invoice,111111111111111,ABC LTD.,IN20011844,06/06/2024,6/1/2024,6/30/2024,"28,245.38",-,ARAB,XXXXX,HR PLATE 2.50X12.00X06.00 MM,Goods - OOS - FZ
01 Invoice,111111111111111,ABC LTD.,IN20011866,6/6/2024,6/1/2024,6/30/2024,"156,523.79",-,SAUD,30019XXXXX10003,LSAW 1320.80X30.00 MMX11.30 M,Goods - OOS - FZ
01 Invoice,111111111111111,ABC LTD.,IN20011851,6/6/2024,6/1/2024,6/30/2024,"15,778.80",-,SCRA,10035XXXXX00003,REMELTABLE SCRAP,Goods - OOS - FZ
01 Invoice,111111111111111,ABC LTD.,IN5H0000407,6/6/2024,6/1/2024,6/30/2024,"67,784.29",-,ARCE,10030XXXXX00003,CSP 1016.00X09.53 MMX12.000 M/AL RASHID,Goods - OOS - FZ
01 Invoice,111111111111111,ABC LTD.,IN20011849,6/7/2024,6/1/2024,6/30/2024,"3,297.00",-,FABT,10020XXXXX00003,MS PLATE 2.50X06.00X10.00 MM,Goods - OOS - FZ
01 Invoice,111111111111111,ABC LTD.,IN20011845,06/07/2024,6/1/2024,6/30/2024,"72,280.00",-,Q ST,10053XXXXX00003,ARMOUR/BALLISTIC PLATE 1.50X03.00X04.20 MM,Goods - OOS - FZ
01 Invoice,111111111111111,ABC LTD.,IN20011846,6/7/2024,6/1/2024,6/30/2024,"192,080.00",-,Q ST,10053XXXXX00003,PLATE 1.50X03.00X06.50 MM,Goods - OOS - FZ
01 Invoice,111111111111111,ABC LTD.,IN20011846,6/7/2024,6/1/2024,6/30/2024,"55,900.00",-,Q ST,10053XXXXX00003,PLATE 1.50X03.00X05.20 MM,Goods - OOS - FZ
01 Invoice,111111111111111,ABC LTD.,IN20011847,6/7/2024,6/1/2024,6/30/2024,"31,500.00",-,INKA,10413XXXXX00003,PLATE 1.50X03.00X06.50 MM,Goods - OOS - FZ
01 Invoice,111111111111111,ABC LTD.,IN20011848,06/07/2024,6/1/2024,6/30/2024,"35,700.00",-,INKA,10413XXXXX00003,PLATE 1.50X03.00X06.50 MM,Goods - OOS - FZ
01 Invoice,111111111111111,ABC LTD.,IN20011850,6/7/2024,6/1/2024,6/30/2024,"4,705.77",-,ARCE,10030XXXXX00003,"08"" 0219.10/08.18 MM/PUDDLE FLANGE",Goods - OOS - FZ
01 Invoice,111111111111111,ABC LTD.,IN20011850,6/7/2024,6/1/2024,6/30/2024,331.28,-,ARCE,10030XXXXX00003,"10"" 0273.10/09.27 MM/PUDDLE FLANGE",Goods - OOS - FZ
01 Invoice,111111111111111,ABC LTD.,IN20011850,6/7/2024,6/1/2024,6/30/2024,"6,246.54",-,ARCE,10030XXXXX00003,"16"" 0406.40/09.53 MM/PUDDLE FLANGE",Goods - OOS - FZ
01 Invoice,111111111111111,ABC LTD.,IN20011850,6/7/2024,6/1/2024,6/30/2024,"13,658.07",-,ARCE,10030XXXXX00003,"48"" 1219.20/12.70 MM/PUDDLE FLANGE",Goods - OOS - FZ
01 Invoice,111111111111111,ABC LTD.,IN5H0000408,6/7/2024,6/1/2024,6/30/2024,"43,272.43",-,ARCE,10030XXXXX00003,CSP 1219.20X12.70 MMX12.000 M/NEOM,Goods - OOS - FZ
01 Invoice,111111111111111,ABC LTD.,IN20011891,6/8/2024,6/1/2024,6/30/2024,"145,462.69",-,SAUD,30019XXXXX10003,LSAW 1320.80X30.00 MMX21.00 M,Goods - OOS - FZ
01 Invoice,111111111111111,ABC LTD.,IN5H0000428,6/8/2024,6/1/2024,6/30/2024,"133,295.86",-,ARCE,10030XXXXX00003,CSP 1016.00X12.50 MMX12.000 M/CDC,Goods - OOS - FZ
01 Invoice,111111111111111,ABC LTD.,IN20011877,6/9/2024,6/1/2024,6/30/2024,"145,462.69",-,SAUD,30019XXXXX10003,LSAW 1320.80X30.00 MMX21.00 M,Goods - OOS - FZ
01 Invoice,111111111111111,ABC LTD.,IN5H0000412,6/9/2024,6/1/2024,6/30/2024,"134,986.01",-,AL R,30054XXXXX10003,COATED PIPE 0609.60X07.92 MMX12.00 M/NEOM/240503,Goods - OOS - FZ
01 Invoice,111111111111111,ABC LTD.,IN10006274,6/10/2024,6/1/2024,6/30/2024,"106,038.53",-,ARCE,10030XXXXX00003,RENTAL BEAMS SCRAP,OOS - Same VAT Group
01 Invoice,111111111111111,ABC LTD.,IN20011852,6/10/2024,6/1/2024,6/30/2024,"8,920.80",-,SCRA,10035XXXXX00003,RENTAL BEAMS SCRAP,Goods - OOS - FZ
01 Invoice,111111111111111,ABC LTD.,IN20011853,6/10/2024,6/1/2024,6/30/2024,"12,214.80",-,SCRA,10035XXXXX00003,RENTAL BEAMS SCRAP,Goods - OOS - FZ
01 Invoice,111111111111111,ABC LTD.,IN5H0000429,6/10/2024,6/1/2024,6/30/2024,"167,635.62",-,ARCE,10030XXXXX00003,CSP 1016.00X12.50 MMX12.000 M/CDC,Goods - OOS - FZ
01 Invoice,111111111111111,ABC LTD.,IN20011869,6/11/2024,6/1/2024,6/30/2024,"18,464.88",-,LAMP,10023XXXXX00003,UPN 260X090X037.90 KG/MX12.00 M,Goods - OOS - FZ
01 Invoice,111111111111111,ABC LTD.,IN20011856,6/11/2024,6/1/2024,6/30/2024,"6,486.48",-,ARCE,10030XXXXX00003,UPN 300X100X046.20 KG/MX11.80 M,Goods - OOS - FZ
01 Invoice,111111111111111,ABC LTD.,IN20011869,6/11/2024,6/1/2024,6/30/2024,"3,054.00",-,LAMP,10023XXXXX00003,FB 150X06 MMX12.00 M,Goods - OOS - FZ
01 Invoice,111111111111111,ABC LTD.,IN20011855,6/11/2024,6/1/2024,6/30/2024,"65,468.64",-,ARCE,10030XXXXX00003,HR PLATE 2.00X06.00X40.00 MM,Goods - OOS - FZ
01 Invoice,111111111111111,ABC LTD.,IN20011868,6/11/2024,6/1/2024,6/30/2024,"1,034.32",-,LAMP,10023XXXXX00003,HEB 100X020.40 KG/MX11.80 M,Goods - OOS - FZ
01 Invoice,111111111111111,ABC LTD.,IN20011854,6/11/2024,6/1/2024,6/30/2024,"27,754.56",-,ARCE,10030XXXXX00003,MS PLATE 2.50X12.00X10.00 MM,Goods - OOS - FZ
01 Invoice,111111111111111,ABC LTD.,IN20011868,6/11/2024,6/1/2024,6/30/2024,"2,867.27",-,LAMP,10023XXXXX00003,W 0250X100X028.40 KG/M (10X04.00X019) LBSX11.80 M,Goods - OOS - FZ
01 Invoice,111111111111111,ABC LTD.,IN20011868,6/11/2024,6/1/2024,6/30/2024,"155,736.22",-,LAMP,10023XXXXX00003,W 0360X200X072.00 KG/M (14X08.00X048) LBSX11.80 M,Goods - OOS - FZ
01 Invoice,111111111111111,ABC LTD.,IN20011868,6/11/2024,6/1/2024,6/30/2024,"5,012.93",-,LAMP,10023XXXXX00003,W 0410X260X100.00 KG/M (16X10.25X067) LBSX11.80 M,Goods - OOS - FZ
01 Invoice,111111111111111,ABC LTD.,IN20011868,6/11/2024,6/1/2024,6/30/2024,"20,528.32",-,LAMP,10023XXXXX00003,W 0610X230X101.00 KG/M (24X09.00X068) LBSX12.00 M,Goods - OOS - FZ
01 Invoice,111111111111111,ABC LTD.,IN20011868,6/11/2024,6/1/2024,6/30/2024,"6,338.11",-,LAMP,10023XXXXX00003,W 0690X250X125.00 KG/M (27X10.00X084) LBSX12.00 M,Goods - OOS - FZ
01 Invoice,111111111111111,ABC LTD.,IN20011868,6/11/2024,6/1/2024,6/30/2024,"19,768.92",-,LAMP,10023XXXXX00003,W 0610X325X195.00 KG/M (24X12.75X131) LBSX11.80 M,Goods - OOS - FZ
01 Invoice,111111111111111,ABC LTD.,IN20011868,6/11/2024,6/1/2024,6/30/2024,"29,653.38",-,LAMP,10023XXXXX00003,W 0610X325X195.00 KG/M (24X12.75X131) LBSX11.80 M,Goods - OOS - FZ
01 Invoice,111111111111111,ABC LTD.,IN20011868,6/11/2024,6/1/2024,6/30/2024,"109,785.20",-,LAMP,10023XXXXX00003,W 0460X280X144.00 KG/M (18X11.00X097) LBSX11.80 M,Goods - OOS - FZ
01 Invoice,111111111111111,ABC LTD.,IN20011857,6/12/2024,6/1/2024,6/30/2024,"65,297.41",-,ARCE,10030XXXXX00003,UNEQUAL ANGLE 150X100X10.00 MMX12.00 M,Goods - OOS - FZ
01 Invoice,111111111111111,ABC LTD.,IN20011870,6/12/2024,6/1/2024,6/30/2024,"99,775.95",-,MCDE,10003XXXXX00003,PFC 150X075X017.90 KG/MX12.00 M,Goods - OOS - FZ
01 Invoice,111111111111111,ABC LTD.,IN20011870,6/12/2024,6/1/2024,6/30/2024,"117,682.77",-,MCDE,10003XXXXX00003,PFC 100X050X010.20 KG/MX12.00 M,Goods - OOS - FZ
01 Invoice,111111111111111,ABC LTD.,IN20011870,6/12/2024,6/1/2024,6/30/2024,"8,503.42",-,MCDE,10003XXXXX00003,EQUAL ANGLE 080X080X08.00 MMX12.00 M,Goods - OOS - FZ
01 Invoice,111111111111111,ABC LTD.,IN20011870,6/12/2024,6/1/2024,6/30/2024,"24,535.64",-,MCDE,10003XXXXX00003,EQUAL ANGLE 080X080X08.00 MMX12.00 M,Goods - OOS - FZ
01 Invoice,111111111111111,ABC LTD.,IN20011870,6/12/2024,6/1/2024,6/30/2024,"7,708.94",-,MCDE,10003XXXXX00003,EQUAL ANGLE 080X080X08.00 MMX12.00 M,Goods - OOS - FZ
01 Invoice,111111111111111,ABC LTD.,IN20011870,6/12/2024,6/1/2024,6/30/2024,921.25,-,MCDE,10003XXXXX00003,EQUAL ANGLE 050X050X06.00 MMX06.00 M,Goods - OOS - FZ
01 Invoice,111111111111111,ABC LTD.,IN20011870,6/12/2024,6/1/2024,6/30/2024,"1,645.54",-,MCDE,10003XXXXX00003,EQUAL ANGLE 050X050X06.00 MMX06.00 M,Goods - OOS - FZ
01 Invoice,111111111111111,ABC LTD.,IN20011870,6/12/2024,6/1/2024,6/30/2024,74.33,-,MCDE,10003XXXXX00003,EQUAL ANGLE 050X050X06.00 MMX06.00 M,Goods - OOS - FZ
01 Invoice,111111111111111,ABC LTD.,IN20011870,6/12/2024,6/1/2024,6/30/2024,"2,395.24",-,MCDE,10003XXXXX00003,EQUAL ANGLE 050X050X06.00 MMX12.00 M,Goods - OOS - FZ
01 Invoice,111111111111111,ABC LTD.,IN20011870,6/12/2024,6/1/2024,6/30/2024,"7,668.58",-,MCDE,10003XXXXX00003,EQUAL ANGLE 050X050X06.00 MMX12.00 M,Goods - OOS - FZ
01 Invoice,111111111111111,ABC LTD.,IN20011870,6/12/2024,6/1/2024,6/30/2024,339.93,-,MCDE,10003XXXXX00003,EQUAL ANGLE 050X050X06.00 MMX12.00 M,Goods - OOS - FZ
01 Invoice,111111111111111,ABC LTD.,IN20011871,6/12/2024,6/1/2024,6/30/2024,"9,372.22",-,MCDE,10003XXXXX00003,EQUAL ANGLE 050X050X06.00 MMX06.0 M,Goods - OOS - FZ
01 Invoice,111111111111111,ABC LTD.,IN20011872,6/12/2024,6/1/2024,6/30/2024,"65,846.56",-,MCDE,XXXXX,"HR PLATE 3.05X12.00X30.00 MM
 Item no. 22.2
 Ident no. SSXSPPLT0010091",Goods - OOS - FZ
01 Invoice,111111111111111,ABC LTD.,IN20011858,6/12/2024,6/1/2024,6/30/2024,"19,467.15",-,ARCE,10030XXXXX00003,HEA 100X016.70 KG/MX12.00 M,Goods - OOS - FZ
01 Invoice,111111111111111,ABC LTD.,IN20011858,6/12/2024,6/1/2024,6/30/2024,"23,949.57",-,ARCE,10030XXXXX00003,HEB 240X083.20 KG/MX11.80 M,Goods - OOS - FZ
01 Invoice,111111111111111,ABC LTD.,IN20011873,6/12/2024,6/1/2024,6/30/2024,"9,709.20",-,SCRA,10035XXXXX00003,REMELTABLE SCRAP,Goods - OOS - FZ
01 Invoice,111111111111111,ABC LTD.,IN20011873,6/12/2024,6/1/2024,6/30/2024,"23,824.80",-,SCRA,10035XXXXX00003,RENTAL BEAMS SCRAP,Goods - OOS - FZ
01 Invoice,111111111111111,ABC LTD.,IN5H0000430,6/12/2024,6/1/2024,6/30/2024,"166,081.63",-,ARCE,10030XXXXX00003,CSP 1016.00X12.50 MMX12.000 M/CDC,Goods - OOS - FZ
01 Invoice,111111111111111,ABC LTD.,IN20011859,6/13/2024,6/1/2024,6/30/2024,"68,496.27",-,ARCE,10030XXXXX00003,EQUAL ANGLE 070X070X10.00 MMX06.00 M,Goods - OOS - FZ
01 Invoice,111111111111111,ABC LTD.,IN20011860,6/13/2024,6/1/2024,6/30/2024,"26,577.95",-,ARCE,10030XXXXX00003,MS PLATE 2.00X12.00X12.00 MM,Goods - OOS - FZ
01 Invoice,111111111111111,ABC LTD.,IN20011860,6/13/2024,6/1/2024,6/30/2024,"139,075.63",-,ARCE,10030XXXXX00003,MS PLATE 2.00X12.00X10.00 MM,Goods - OOS - FZ
01 Invoice,111111111111111,ABC LTD.,IN20011860,6/13/2024,6/1/2024,6/30/2024,"26,508.77",-,ARCE,10030XXXXX00003,MS PLATE 2.00X12.00X10.00 MM,Goods - OOS - FZ
01 Invoice,111111111111111,ABC LTD.,IN20011860,6/13/2024,6/1/2024,6/30/2024,"4,730.01",-,ARCE,10030XXXXX00003,MS PLATE 2.00X06.00X15.00 MM,Goods - OOS - FZ
01 Invoice,111111111111111,ABC LTD.,IN20011874,6/13/2024,6/1/2024,6/30/2024,"18,273.60",-,SCRA,10035XXXXX00003,RENTAL BEAMS SCRAP,Goods - OOS - FZ
01 Invoice,111111111111111,ABC LTD.,IN70001570,6/13/2024,6/1/2024,6/30/2024,"3,721.40",-,ARCE,10030XXXXX00003,AU20-(750X444X12.00 MMX096.90 KG/M)X12.00 M,OOS - Same VAT Group
01 Invoice,111111111111111,ABC LTD.,IN20011882,6/13/2024,6/1/2024,6/30/2024,"51,018.09",-,ARCE,XXXXX,ALUMINIZED COIL 00.80X1000,Goods - OOS - FZ
01 Invoice,111111111111111,ABC LTD.,IN5H0000437,6/13/2024,6/1/2024,6/30/2024,"157,318.00",-,EMPO,10038XXXXX00003,CSP 0457.20X09.53 MMX12.000 M/ELLIPS,Goods - OOS - FZ
01 Invoice,111111111111111,ABC LTD.,IN5H0000431,6/13/2024,6/1/2024,6/30/2024,"303,003.46",-,ARCE,10030XXXXX00003,CSP 1016.00X12.50 MMX12.000 M/CDC,Goods - OOS - FZ
01 Invoice,111111111111111,ABC LTD.,IN20011864,6/14/2024,6/1/2024,6/30/2024,"2,545.90",-,ARCE,10030XXXXX00003,MS PLATE 2.00X06.00X10.00 MM,Goods - OOS - FZ
01 Invoice,111111111111111,ABC LTD.,IN20011865,6/14/2024,6/1/2024,6/30/2024,"49,342.19",-,ARCE,10030XXXXX00003,BQ PLATE 2.50X12.00X08.00 MM,Goods - OOS - FZ
01 Invoice,111111111111111,ABC LTD.,IN20011864,6/14/2024,6/1/2024,6/30/2024,127.52,-,ARCE,10030XXXXX00003,CHEQUERED PLATE 1.50X01.80X06.00 MM,Goods - OOS - FZ
01 Invoice,111111111111111,ABC LTD.,IN20011864,6/14/2024,6/1/2024,6/30/2024,187.78,-,ARCE,10030XXXXX00003,CHEQUERED PLATE 1.50X02.20X06.00 MM,Goods - OOS - FZ
01 Invoice,111111111111111,ABC LTD.,IN20011864,6/14/2024,6/1/2024,6/30/2024,207.86,-,ARCE,10030XXXXX00003,CHEQUERED PLATE 1.50X02.00X06.00 MM,Goods - OOS - FZ
01 Invoice,111111111111111,ABC LTD.,IN20011864,6/14/2024,6/1/2024,6/30/2024,579.38,-,ARCE,10030XXXXX00003,CHEQUERED PLATE 1.50X03.50X06.00 MM,Goods - OOS - FZ
01 Invoice,111111111111111,ABC LTD.,IN20011864,6/14/2024,6/1/2024,6/30/2024,757.12,-,ARCE,10030XXXXX00003,CHEQUERED PLATE 1.50X04.00X06.00 MM,Goods - OOS - FZ
01 Invoice,111111111111111,ABC LTD.,IN20011864,6/14/2024,6/1/2024,6/30/2024,"1,230.05",-,ARCE,10030XXXXX00003,CHEQUERED PLATE 1.50X05.10X06.00 MM,Goods - OOS - FZ
01 Invoice,111111111111111,ABC LTD.,IN20011864,6/14/2024,6/1/2024,6/30/2024,248.03,-,ARCE,10030XXXXX00003,CHEQUERED PLATE 1.50X03.50X06.00 MM,Goods - OOS - FZ
01 Invoice,111111111111111,ABC LTD.,IN20011862,6/14/2024,6/1/2024,6/30/2024,"27,933.50",-,ARCE,10030XXXXX00003,HR PLATE 2.00X06.00X40.00 MM,Goods - OOS - FZ
01 Invoice,111111111111111,ABC LTD.,IN20011862,6/14/2024,6/1/2024,6/30/2024,"132,534.65",-,ARCE,10030XXXXX00003,HR PLATE 2.00X06.00X50.00 MM,Goods - OOS - FZ
01 Invoice,111111111111111,ABC LTD.,IN20011861,6/14/2024,6/1/2024,6/30/2024,"34,452.15",-,ARCE,10030XXXXX00003,TRENCH SHEET 400MMX03.80 MMX14.82 KG/MX 05.85 M,Goods - OOS - FZ
01 Invoice,111111111111111,ABC LTD.,IN5H0000438,6/14/2024,6/1/2024,6/30/2024,"13,881.00",-,EMPO,10038XXXXX00003,CSP 0457.20X09.53 MMX12.000 M/ELLIPS,Goods - OOS - FZ
01 Invoice,111111111111111,ABC LTD.,IN5H0000438,6/14/2024,6/1/2024,6/30/2024,"113,124.00",-,EMPO,10038XXXXX00003,CSP 0609.60X09.53 MMX12.000 M/ELLIPS,Goods - OOS - FZ
01 Invoice,111111111111111,ABC LTD.,TI20000255,6/15/2024,6/1/2024,6/30/2024,"61,905.02",-,ARCE,XXXXX,MS PLATE 2.00X12.00X08.00 MM,Goods - OOS - FZ
01 Invoice,111111111111111,ABC LTD.,TI20000254,6/17/2024,6/1/2024,6/30/2024,"74,055.41",-,ACER,XXXXX,MS PLATE 2.00X06.00X06.00 MM,Goods - OOS - FZ
01 Invoice,111111111111111,ABC LTD.,IN20011875,6/19/2024,6/1/2024,6/30/2024,"187,663.07",-,ARCE,10030XXXXX00003,IPEO 360X066.00 KG/MX12.00 M,Goods - OOS - FZ
01 Invoice,111111111111111,ABC LTD.,IN20011892,6/19/2024,6/1/2024,6/30/2024,"180,096.65",-,SAUD,30019XXXXX10003,LSAW 1320.80X30.00 MMX26.00 M,Goods - OOS - FZ
01 Invoice,111111111111111,ABC LTD.,IN20011893,6/19/2024,6/1/2024,6/30/2024,"180,096.65",-,SAUD,30019XXXXX10003,LSAW 1320.80X30.00 MMX26.00 M,Goods - OOS - FZ
01 Invoice,111111111111111,ABC LTD.,IN20011878,6/19/2024,6/1/2024,6/30/2024,"105,840.00",-,Q ST,10053XXXXX00003,PLATE 1.50X03.00X06.50 MM,Goods - OOS - FZ
01 Invoice,111111111111111,ABC LTD.,IN20011879,6/19/2024,6/1/2024,6/30/2024,"176,400.00",-,Q ST,10053XXXXX00003,PLATE 1.50X03.00X06.50 MM,Goods - OOS - FZ
01 Invoice,111111111111111,ABC LTD.,IN5H0000439,6/19/2024,6/1/2024,6/30/2024,"10,284.00",-,EMPO,10038XXXXX00003,CSP 0609.60X09.53 MMX12.000 M/ELLIPS,Goods - OOS - FZ
01 Invoice,111111111111111,ABC LTD.,IN5H0000439,6/19/2024,6/1/2024,6/30/2024,"113,124.00",-,EMPO,10038XXXXX00003,CSP 0609.60X09.53 MMX12.000 M/ELLIPS,Goods - OOS - FZ
01 Invoice,111111111111111,ABC LTD.,IN5H0000439,6/19/2024,6/1/2024,6/30/2024,"149,118.00",-,EMPO,10038XXXXX00003,CSP 0609.60X09.53 MMX12.000 M/ELLIPS,Goods - OOS - FZ
01 Invoice,111111111111111,ABC LTD.,IN5H0000439,6/19/2024,6/1/2024,6/30/2024,"2,574.00",-,EMPO,10038XXXXX00003,CSP 0609.60X09.53 MMX06.000 M/ELLIPS,Goods - OOS - FZ
01 Invoice,111111111111111,ABC LTD.,IN20011915,6/20/2024,6/1/2024,6/30/2024,"117,267.72",-,MCDE,XXXXX,"BFB 140X08 MMX11.80 M
 Item no. 16.1
 Ident no. SSXSFFBB0000037",Goods - OOS - FZ
01 Invoice,111111111111111,ABC LTD.,IN20011915,6/20/2024,6/1/2024,6/30/2024,"5,584.18",-,MCDE,XXXXX,"BFB 140X08 MMX11.80 M
 Item no. 16.2
 Ident no. SSXSFFBB0000037",Goods - OOS - FZ
01 Invoice,111111111111111,ABC LTD.,IN20011927,6/20/2024,6/1/2024,6/30/2024,"671,912.14",-,ARCE,XXXXX,SP 323.80X12.70 MMX10.00-11.80 M,Goods - OOS - FZ
01 Invoice,111111111111111,ABC LTD.,IN20011926,6/20/2024,6/1/2024,6/30/2024,"76,663.99",-,ARCE,XXXXX,SP 457.20X19.05 MMX10.00-11.80 M,Goods - OOS - FZ
01 Invoice,111111111111111,ABC LTD.,IN20011926,6/20/2024,6/1/2024,6/30/2024,"10,508.84",-,ARCE,XXXXX,SP 168.30X09.53 MMX10.00-11.80 M,Goods - OOS - FZ
01 Invoice,111111111111111,ABC LTD.,IN20011926,6/20/2024,6/1/2024,6/30/2024,"22,429.44",-,ARCE,XXXXX,SP 219.10X10.31 MMX10.00-11.80 M,Goods - OOS - FZ
01 Invoice,111111111111111,ABC LTD.,IN20011926,6/20/2024,6/1/2024,6/30/2024,"21,886.76",-,ARCE,XXXXX,SP 048.30X03.68 MMX10.00-11.80 M,Goods - OOS - FZ
01 Invoice,111111111111111,ABC LTD.,IN20011926,6/20/2024,6/1/2024,6/30/2024,"5,338.32",-,ARCE,XXXXX,SP 114.30X08.56 MMX10.00-11.80 M,Goods - OOS - FZ
01 Invoice,111111111111111,ABC LTD.,IN20011926,6/20/2024,6/1/2024,6/30/2024,"9,990.47",-,ARCE,XXXXX,SP 168.30X10.97 MMX10.00-11.80 M,Goods - OOS - FZ
01 Invoice,111111111111111,ABC LTD.,IN20011926,6/20/2024,6/1/2024,6/30/2024,"41,942.63",-,ARCE,XXXXX,SP 219.10X08.18 MMX10.00-11.80 M,Goods - OOS - FZ
01 Invoice,111111111111111,ABC LTD.,IN20011926,6/20/2024,6/1/2024,6/30/2024,"5,994.28",-,ARCE,XXXXX,SP 168.30X10.97 MMX10.00-11.80 M,Goods - OOS - FZ
01 Invoice,111111111111111,ABC LTD.,IN20011926,6/20/2024,6/1/2024,6/30/2024,"152,829.23",-,ARCE,XXXXX,SP 323.80X15.88 MMX10.00-11.80 M,Goods - OOS - FZ
01 Invoice,111111111111111,ABC LTD.,IN20011926,6/20/2024,6/1/2024,6/30/2024,"323,478.12",-,ARCE,XXXXX,SP 355.60X19.05 MMX10.00-11.80 M,Goods - OOS - FZ
01 Invoice,111111111111111,ABC LTD.,IN20011926,6/20/2024,6/1/2024,6/30/2024,"12,460.80",-,ARCE,XXXXX,SP 219.10X10.31 MMX10.00-11.80 M,Goods - OOS - FZ
01 Invoice,111111111111111,ABC LTD.,IN20011926,6/20/2024,6/1/2024,6/30/2024,"24,734.69",-,ARCE,XXXXX,SP 219.10X12.70 MMX10.00-11.80 M,Goods - OOS - FZ
01 Invoice,111111111111111,ABC LTD.,IN20011926,6/20/2024,6/1/2024,6/30/2024,"27,291.04",-,ARCE,XXXXX,SP 273.00X12.70 MMX10.00-11.80 M,Goods - OOS - FZ
01 Invoice,111111111111111,ABC LTD.,IN20011926,6/20/2024,6/1/2024,6/30/2024,"23,065.70",-,ARCE,XXXXX,SP 273.00X09.27 MMX10.00-11.80 M,Goods - OOS - FZ
01 Invoice,111111111111111,ABC LTD.,IN20011926,6/20/2024,6/1/2024,6/30/2024,"57,542.94",-,ARCE,XXXXX,SP 355.60X12.70 MMX10.00-11.80 M,Goods - OOS - FZ
01 Invoice,111111111111111,ABC LTD.,IN20011926,6/20/2024,6/1/2024,6/30/2024,"58,323.98",-,ARCE,XXXXX,SP 355.60X15.88 MMX10.00-11.80 M,Goods - OOS - FZ
01 Invoice,111111111111111,ABC LTD.,IN20011926,6/20/2024,6/1/2024,6/30/2024,"109,693.27",-,ARCE,XXXXX,SP 406.40X15.88 MMX10.00-11.80 M,Goods - OOS - FZ
01 Invoice,111111111111111,ABC LTD.,IN20011926,6/20/2024,6/1/2024,6/30/2024,"4,575.10",-,ARCE,XXXXX,SP 168.30X12.70 MMX10.00-11.80 M,Goods - OOS - FZ
01 Invoice,111111111111111,ABC LTD.,IN20011926,6/20/2024,6/1/2024,6/30/2024,"9,180.40",-,ARCE,XXXXX,SP 273.00X15.09 MMX10.00-11.80 M,Goods - OOS - FZ
01 Invoice,111111111111111,ABC LTD.,IN20011926,6/20/2024,6/1/2024,6/30/2024,"175,852.57",-,ARCE,XXXXX,SP 323.80X10.31 MMX10.00-11.80 M,Goods - OOS - FZ
01 Invoice,111111111111111,ABC LTD.,IN20011926,6/20/2024,6/1/2024,6/30/2024,"188,896.52",-,ARCE,XXXXX,SP 048.30X03.68 MMX10.00-11.80 M,Goods - OOS - FZ
01 Invoice,111111111111111,ABC LTD.,IN20011926,6/20/2024,6/1/2024,6/30/2024,"12,523.58",-,ARCE,XXXXX,SP 060.30X03.91 MMX10.00-11.80 M,Goods - OOS - FZ
01 Invoice,111111111111111,ABC LTD.,IN20011926,6/20/2024,6/1/2024,6/30/2024,"13,806.00",-,ARCE,XXXXX,SP 088.90X05.49 MMX10.00-11.80 M,Goods - OOS - FZ
01 Invoice,111111111111111,ABC LTD.,IN20011917,6/20/2024,6/1/2024,6/30/2024,"9,453.02",-,HEAV,XXXXX,AZ19-(0700X421X09.50 MMX080.00 KG/M)X01.20 M,Goods - OOS - FZ
01 Invoice,111111111111111,ABC LTD.,IN20011883,6/20/2024,6/1/2024,6/30/2024,"2,147.00",-,3C M,10038XXXXX00003,HEB 140X033.70 KG/MX11.80 M,Goods - OOS - FZ
01 Invoice,111111111111111,ABC LTD.,IN20011897,6/21/2024,6/1/2024,6/30/2024,"354,948.00",-,DETE,XXXXX,AU20-(750X444X12.00 MMX096.90 KG/M)X12.00 M,Goods - OOS - FZ
01 Invoice,111111111111111,ABC LTD.,IN20011881,6/21/2024,6/1/2024,6/30/2024,"26,448.93",-,ARCE,10030XXXXX00003,HR PLATE 2.00X06.00X50.00 MM,Goods - OOS - FZ
01 Invoice,111111111111111,ABC LTD.,IN20011880,6/21/2024,6/1/2024,6/30/2024,"11,024.72",-,ARCE,10030XXXXX00003,TRENCH SHEET 400MMX03.80 MMX14.82 KG/MX 05.85 M,Goods - OOS - FZ
01 Invoice,111111111111111,ABC LTD.,IN20011884,6/21/2024,6/1/2024,6/30/2024,"4,698.00",-,SCRA,10035XXXXX00003,RENTAL BEAMS SCRAP,Goods - OOS - FZ
01 Invoice,111111111111111,ABC LTD.,IN20011885,6/23/2024,6/1/2024,6/30/2024,"13,667.94",-,ARCE,XXXXX,HR PLATE 2.00X06.00X50.00 MM,Goods - OOS - FZ
01 Invoice,111111111111111,ABC LTD.,IN20011885,6/23/2024,6/1/2024,6/30/2024,"8,845.19",-,ARCE,XXXXX,MS PLATE 2.00X12.00X08.00 MM,Goods - OOS - FZ
01 Invoice,111111111111111,ABC LTD.,IN20011885,6/23/2024,6/1/2024,6/30/2024,"33,205.75",-,ARCE,XXXXX,MS PLATE 2.00X12.00X12.00 MM,Goods - OOS - FZ
01 Invoice,111111111111111,ABC LTD.,IN20011885,6/23/2024,6/1/2024,6/30/2024,"6,851.06",-,ARCE,XXXXX,MS PLATE 2.00X12.00X12.00 MM,Goods - OOS - FZ
01 Invoice,111111111111111,ABC LTD.,IN20011886,6/24/2024,6/1/2024,6/30/2024,497.04,-,ARCE,10030XXXXX00003,IPE 360X057.10 KG/MX01.50 M,Goods - OOS - FZ
01 Invoice,111111111111111,ABC LTD.,IN20011887,6/24/2024,6/1/2024,6/30/2024,"6,712.21",-,ARCE,10030XXXXX00003,IPE 600X122.00 KG/MX02.00 M,Goods - OOS - FZ
01 Invoice,111111111111111,ABC LTD.,IN20011924,6/24/2024,6/1/2024,6/30/2024,"42,038.24",-,ARCE,XXXXX,UB 610X229X101.20 KG/MX11.80 M,Goods - OOS - FZ
01 Invoice,111111111111111,ABC LTD.,IN20011924,6/24/2024,6/1/2024,6/30/2024,"42,038.24",-,ARCE,XXXXX,UB 610X229X101.20 KG/MX11.80 M,Goods - OOS - FZ
01 Invoice,111111111111111,ABC LTD.,IN20011888,6/24/2024,6/1/2024,6/30/2024,82.32,-,ARCE,10030XXXXX00003,HR PLATE 0.32X00.78X50.00 MM,Goods - OOS - FZ
01 Invoice,111111111111111,ABC LTD.,IN20011894,6/24/2024,6/1/2024,6/30/2024,"908,679.51",-,ARCE,XXXXX,ZU25-(750X450X14.50 MMX110.40 KG/M)X11.80 M,Goods - OOS - FZ
01 Invoice,111111111111111,ABC LTD.,IN5H0000448,6/25/2024,6/1/2024,6/30/2024,"1,476.00",-,AL A,10032XXXXX00003,EMPTY STEEL DRUM,Scrap - OOS - FZ
01 Invoice,111111111111111,ABC LTD.,IN5H0000448,6/25/2024,6/1/2024,6/30/2024,160,-,AL A,10032XXXXX00003,EMPTY PAINT CAN,Scrap - OOS - FZ
01 Invoice,111111111111111,ABC LTD.,IN5H0000449,6/25/2024,6/1/2024,6/30/2024,"6,187.50",-,AL A,10032XXXXX00003,PLASTIC SCRAP,Scrap - OOS - FZ
01 Invoice,111111111111111,ABC LTD.,IN20011900,6/25/2024,6/1/2024,6/30/2024,"21,656.00",-,NMDC,10026XXXXX00003,HEB 300X117.00 KG/MX12.00 M,Goods - OOS - FZ
01 Invoice,111111111111111,ABC LTD.,IN20011898,6/25/2024,6/1/2024,6/30/2024,"532,422.00",-,DETE,XXXXX,AU20-(750X444X12.00 MMX096.90 KG/M)X12.00 M,Goods - OOS - FZ
01 Invoice,111111111111111,ABC LTD.,IN20011901,6/25/2024,6/1/2024,6/30/2024,"18,990.69",-,SPEC,10004XXXXX00003,MS PLATE 2.00X12.00X12.00 MM,Goods - OOS - FZ
01 Invoice,111111111111111,ABC LTD.,IN20011901,6/25/2024,6/1/2024,6/30/2024,"6,330.21",-,SPEC,10004XXXXX00003,MS PLATE 2.00X12.00X12.00 MM,Goods - OOS - FZ
01 Invoice,111111111111111,ABC LTD.,IN20011949,6/25/2024,6/1/2024,6/30/2024,"2,705,950.42",-,SIXC,31152XXXXX00003,HZ-1180MD COMB 24(460X945.60X40.00 MMX948.58 KG/M)X47.00 M,Goods - OOS - FZ
01 Invoice,111111111111111,ABC LTD.,IN20011895,6/25/2024,6/1/2024,6/30/2024,"4,708.80",-,SCRA,10035XXXXX00003,RENTAL BEAMS SCRAP,Goods - OOS - FZ
01 Invoice,111111111111111,ABC LTD.,IN20011921,6/26/2024,6/1/2024,6/30/2024,"36,434.40",-,META,10000XXXXX00003,UNEQUAL ANGLE 150X100X10.00 MMX12.00 M,Goods - OOS - FZ
01 Invoice,111111111111111,ABC LTD.,IN20011922,6/26/2024,6/1/2024,6/30/2024,"18,598.00",-,META,10000XXXXX00003,UNEQUAL ANGLE 150X100X10.00 MMX12.00 M,Goods - OOS - FZ
01 Invoice,111111111111111,ABC LTD.,IN20011904,6/26/2024,6/1/2024,6/30/2024,"130,248.01",-,DETE,XXXXX,E 22X10.22 KG/MX11.80 M,Goods - OOS - FZ
01 Invoice,111111111111111,ABC LTD.,TI20000256,6/26/2024,6/1/2024,6/30/2024,"5,361.89",-,NMDC,10026XXXXX00003,MS PLATE 2.50X12.00X08.00 MM,Goods - OOS - FZ
01 Invoice,111111111111111,ABC LTD.,IN20011905,6/26/2024,6/1/2024,6/30/2024,"139,869.90",-,ASSE,10028XXXXX00003,HR PLATE 2.00X12.00X15.00 MM,Goods - OOS - FZ
01 Invoice,111111111111111,ABC LTD.,IN20011905,6/26/2024,6/1/2024,6/30/2024,"66,316.80",-,ASSE,10028XXXXX00003,HR PLATE 2.00X12.00X16.00 MM,Goods - OOS - FZ
01 Invoice,111111111111111,ABC LTD.,IN20011905,6/26/2024,6/1/2024,6/30/2024,"4,144.80",-,ASSE,10028XXXXX00003,HR PLATE 2.00X06.00X16.00 MM,Goods - OOS - FZ
01 Invoice,111111111111111,ABC LTD.,IN20011902,6/26/2024,6/1/2024,6/30/2024,"5,389.20",-,SCRA,10035XXXXX00003,RENTAL BEAMS SCRAP,Goods - OOS - FZ
01 Invoice,111111111111111,ABC LTD.,IN20011903,6/26/2024,6/1/2024,6/30/2024,"9,946.80",-,SCRA,10035XXXXX00003,RENTAL BEAMS SCRAP,Goods - OOS - FZ
01 Invoice,111111111111111,ABC LTD.,IN20011896,6/26/2024,6/1/2024,6/30/2024,"27,561.79",-,ARCE,10030XXXXX00003,TRENCH SHEET 400MMX03.80 MMX14.82 KG/MX 05.85 M,Goods - OOS - FZ
01 Invoice,111111111111111,ABC LTD.,IN20011913,6/26/2024,6/1/2024,6/30/2024,"1,545.33",-,ARCE,10030XXXXX00003,AMP-SA-0129-MPS2-I/2404187,Goods - OOS - FZ
01 Invoice,111111111111111,ABC LTD.,IN20011913,6/26/2024,6/1/2024,6/30/2024,"1,545.88",-,ARCE,10030XXXXX00003,AMP-SA-0129-MPS2-I/2404188,Goods - OOS - FZ
01 Invoice,111111111111111,ABC LTD.,IN20011913,6/26/2024,6/1/2024,6/30/2024,"1,546.06",-,ARCE,10030XXXXX00003,AMP-SA-0129-MPS2-IV/2404189,Goods - OOS - FZ
01 Invoice,111111111111111,ABC LTD.,IN20011913,6/26/2024,6/1/2024,6/30/2024,"1,153.49",-,ARCE,10030XXXXX00003,AMP-SA-0129-MPS2-IV/2404190,Goods - OOS - FZ
01 Invoice,111111111111111,ABC LTD.,IN20011920,6/27/2024,6/1/2024,6/30/2024,"36,688.44",-,ARCE,XXXXX,SP 355.60X09.53 MM(14.00 INCH)X10.00-11.80 M,Goods - OOS - FZ
01 Invoice,111111111111111,ABC LTD.,IN20011920,6/27/2024,6/1/2024,6/30/2024,"334,082.15",-,ARCE,XXXXX,SP 323.80X12.70 MM(12.00 INCH)X10.00-11.80 M,Goods - OOS - FZ
01 Invoice,111111111111111,ABC LTD.,IN20011911,6/28/2024,6/1/2024,6/30/2024,"60,890.95",-,ARCE,XXXXX,UB 254X146X031.10 KG/MX11.80 M,Goods - OOS - FZ
01 Invoice,111111111111111,ABC LTD.,IN20011911,6/28/2024,6/1/2024,6/30/2024,"60,890.95",-,ARCE,XXXXX,UB 254X146X031.10 KG/MX11.80 M,Goods - OOS - FZ
01 Invoice,111111111111111,ABC LTD.,IN20011911,6/28/2024,6/1/2024,6/30/2024,"21,296.90",-,ARCE,XXXXX,UB 610X229X125.10 KG/MX11.80 M,Goods - OOS - FZ
01 Invoice,111111111111111,ABC LTD.,IN20011911,6/28/2024,6/1/2024,6/30/2024,"17,037.52",-,ARCE,XXXXX,UB 610X229X125.10 KG/MX11.80 M,Goods - OOS - FZ
01 Invoice,111111111111111,ABC LTD.,IN20011911,6/28/2024,6/1/2024,6/30/2024,"4,277.25",-,ARCE,XXXXX,UB 254X146X043.00 KG/MX11.80 M,Goods - OOS - FZ
01 Invoice,111111111111111,ABC LTD.,IN20011911,6/28/2024,6/1/2024,6/30/2024,"53,756.64",-,ARCE,XXXXX,UB 356X171X045.00 KG/MX11.80 M,Goods - OOS - FZ
01 Invoice,111111111111111,ABC LTD.,IN20011911,6/28/2024,6/1/2024,6/30/2024,"56,743.12",-,ARCE,XXXXX,UB 356X171X045.00 KG/MX11.80 M,Goods - OOS - FZ
01 Invoice,111111111111111,ABC LTD.,IN20011911,6/28/2024,6/1/2024,6/30/2024,"19,960.50",-,ARCE,XXXXX,UB 254X146X043.00 KG/MX11.80 M,Goods - OOS - FZ
01 Invoice,111111111111111,ABC LTD.,IN20011911,6/28/2024,6/1/2024,6/30/2024,"19,960.50",-,ARCE,XXXXX,UB 254X146X043.00 KG/MX11.80 M,Goods - OOS - FZ
01 Invoice,111111111111111,ABC LTD.,IN20011911,6/28/2024,6/1/2024,6/30/2024,"197,242.50",-,ARCE,XXXXX,UB 254X102X028.30 KG/MX11.80 M,Goods - OOS - FZ
01 Invoice,111111111111111,ABC LTD.,IN20011911,6/28/2024,6/1/2024,6/30/2024,"69,459.52",-,ARCE,XXXXX,UB 305X165X040.30 KG/MX11.80 M,Goods - OOS - FZ
01 Invoice,111111111111111,ABC LTD.,IN20011911,6/28/2024,6/1/2024,6/30/2024,"194,364.39",-,ARCE,XXXXX,UB 762X267X173.00 KG/MX11.80 M,Goods - OOS - FZ
01 Invoice,111111111111111,ABC LTD.,IN20011911,6/28/2024,6/1/2024,6/30/2024,"194,364.39",-,ARCE,XXXXX,UB 762X267X173.00 KG/MX11.80 M,Goods - OOS - FZ
01 Invoice,111111111111111,ABC LTD.,IN20011912,6/28/2024,6/1/2024,6/30/2024,"162,585.60",-,ARCE,XXXXX,UB 457X191X067.10 KG/MX11.80 M,Goods - OOS - FZ
01 Invoice,111111111111111,ABC LTD.,IN20011912,6/28/2024,6/1/2024,6/30/2024,"15,590.40",-,ARCE,XXXXX,UB 457X191X067.10 KG/MX11.80 M,Goods - OOS - FZ
01 Invoice,111111111111111,ABC LTD.,IN20011916,6/28/2024,6/1/2024,6/30/2024,"672,250.00",-,DETE,XXXXX,AU20-(750X444X12.00 MMX096.90 KG/M)X12.00 M,Goods - OOS - FZ
01 Invoice,111111111111111,ABC LTD.,IN20011914,6/28/2024,6/1/2024,6/30/2024,"446,880.00",-,Q ST,10053XXXXX00003,PLATE 1.50X03.00X06.50 MM,Goods - OOS - FZ
01 Invoice,111111111111111,ABC LTD.,IN20011907,6/28/2024,6/1/2024,6/30/2024,"20,185.20",-,SCRA,10035XXXXX00003,RENTAL BEAMS SCRAP,Goods - OOS - FZ
01 Invoice,111111111111111,ABC LTD.,IN20011906,6/28/2024,6/1/2024,6/30/2024,"28,264.28",-,ARCE,10030XXXXX00003,HR PLATE 1854X0660X15.00 MM,Goods - OOS - FZ
01 Invoice,111111111111111,ABC LTD.,IN20011923,6/30/2024,6/1/2024,6/30/2024,"144,644.50",-,ARCE,XXXXX,UB 254X102X028.30 KG/MX11.80 M,Goods - OOS - FZ
01 Invoice,111111111111111,ABC LTD.,IN20011923,6/30/2024,6/1/2024,6/30/2024,"200,254.22",-,ARCE,XXXXX,UB 762X267X173.00 KG/MX11.80 M,Goods - OOS - FZ
01 Invoice,111111111111111,ABC LTD.,IN20011923,6/30/2024,6/1/2024,6/30/2024,"82,457.62",-,ARCE,XXXXX,UB 762X267X173.00 KG/MX11.80 M,Goods - OOS - FZ
01 Invoice,111111111111111,ABC LTD.,IN20011923,6/30/2024,6/1/2024,6/30/2024,"93,857.40",-,ARCE,XXXXX,UB 533X210X101.00 KG/MX11.80 M,Goods - OOS - FZ
01 Invoice,111111111111111,ABC LTD.,IN20011923,6/30/2024,6/1/2024,6/30/2024,"46,928.84",-,ARCE,XXXXX,UB 533X210X101.00 KG/MX11.80 M,Goods - OOS - FZ
01 Invoice,111111111111111,ABC LTD.,IN20011910,6/30/2024,6/1/2024,6/30/2024,"2,261.64",-,ARCE,XXXXX,IPE 300X042.20 KG/MX11.80 M,Goods - OOS - FZ
01 Invoice,111111111111111,ABC LTD.,IN20011947,6/30/2024,6/1/2024,6/30/2024,"31,434.25",-,ARCE,XXXXX,TK Loose Spare Parts-ST8300,Goods - OOS - FZ (Item Code of Service)
01 Invoice,111111111111111,ABC LTD.,IN20011944,6/30/2024,6/1/2024,6/30/2024,"890,684.23",-,ARCE,XXXXX,"TK Loose Parts - Package 5
 Item 0050",Goods - OOS - FZ (Item Code of Service)
01 Invoice,111111111111111,ABC LTD.,IN20011945,6/30/2024,6/1/2024,6/30/2024,"46,596.68",-,ARCE,XXXXX,Fabrication and supply of Liner Plate,Goods - OOS - FZ (Item Code of Service)
01 Invoice,111111111111111,ABC LTD.,IN20011910,6/30/2024,6/1/2024,6/30/2024,"3,104.63",-,ARCE,XXXXX,HEB 200X061.30 KG/MX11.80 M,Goods - OOS - FZ
01 Invoice,111111111111111,ABC LTD.,IN20011908,6/30/2024,6/1/2024,6/30/2024,150.5,-,ARCE,XXXXX,MS PLATE 2.00X01.00X08.00 MM,Goods - OOS - FZ
01 Invoice,111111111111111,ABC LTD.,IN20011908,6/30/2024,6/1/2024,6/30/2024,"27,260.50",-,ARCE,XXXXX,HR PLATE 2.00X12.00X50.00 MM,Goods - OOS - FZ
01 Invoice,111111111111111,ABC LTD.,IN20011908,6/30/2024,6/1/2024,6/30/2024,"11,059.36",-,ARCE,XXXXX,HR PLATE 2.00X12.00X10.00 MM,Goods - OOS - FZ
01 Invoice,111111111111111,ABC LTD.,IN20011908,6/30/2024,6/1/2024,6/30/2024,"4,490.41",-,ARCE,XXXXX,HR PLATE 2.00X12.00X08.00 MM,Goods - OOS - FZ
01 Invoice,111111111111111,ABC LTD.,IN20011938,6/30/2024,6/1/2024,6/30/2024,925.47,-,ARCE,XXXXX,CHS 060.30X03.91 MMX06.00 M,Goods - OOS - FZ
01 Invoice,111111111111111,ABC LTD.,IN20011938,6/30/2024,6/1/2024,6/30/2024,"2,563.41",-,ARCE,XXXXX,CHS 193.70X10.00 MMX12.00 M,Goods - OOS - FZ
01 Invoice,111111111111111,ABC LTD.,IN20011938,6/30/2024,6/1/2024,6/30/2024,"14,579.83",-,ARCE,XXXXX,CHS 219.10X10.00 MMX12.00 M,Goods - OOS - FZ
01 Invoice,111111111111111,ABC LTD.,IN20011938,6/30/2024,6/1/2024,6/30/2024,"5,831.93",-,ARCE,XXXXX,CHS 219.10X10.00 MMX12.00 M,Goods - OOS - FZ
01 Invoice,111111111111111,ABC LTD.,IN20011938,6/30/2024,6/1/2024,6/30/2024,"2,915.97",-,ARCE,XXXXX,CHS 219.10X10.00 MMX12.00 M,Goods - OOS - FZ
01 Invoice,111111111111111,ABC LTD.,IN20011938,6/30/2024,6/1/2024,6/30/2024,"26,397.93",-,ARCE,XXXXX,CHS 406.40X12.00 MMX12.00 M,Goods - OOS - FZ
01 Invoice,111111111111111,ABC LTD.,IN20011909,6/30/2024,6/1/2024,6/30/2024,"15,242.02",-,ARCE,XXXXX,SP 219.10X12.70 MM(08.00 INCH)X10.00-11.80 M,Goods - OOS - FZ
01 Invoice,111111111111111,ABC LTD.,IN20011909,6/30/2024,6/1/2024,6/30/2024,"36,899.50",-,ARCE,XXXXX,SP 168.30X11.00 MM(06.00 INCH)X10.00-11.80 M,Goods - OOS - FZ
01 Invoice,111111111111111,ABC LTD.,IN20011909,6/30/2024,6/1/2024,6/30/2024,"21,752.47",-,ARCE,XXXXX,SP 114.30X08.56 MMX(04.00 INCH)10.00-11.80 M,Goods - OOS - FZ
01 Invoice,111111111111111,ABC LTD.,IN20011909,6/30/2024,6/1/2024,6/30/2024,"5,812.71",-,ARCE,XXXXX,SP 168.30X12.70 MM(06.00 INCH)X10.00-11.80 M,Goods - OOS - FZ
01 Invoice,111111111111111,ABC LTD.,IN20011938,6/30/2024,6/1/2024,6/30/2024,"111,159.52",-,ARCE,XXXXX,ERW PIPE 048.30X03.68 MM(01.50 INCH)X06.00 M,Goods - OOS - FZ
01 Invoice,111111111111111,ABC LTD.,IN20011938,6/30/2024,6/1/2024,6/30/2024,"21,197.67",-,ARCE,XXXXX,ERW PIPE 048.30X03.68 MM(01.50 INCH)X06.00 M,Goods - OOS - FZ
01 Invoice,111111111111111,ABC LTD.,IN20011939,6/30/2024,6/1/2024,6/30/2024,"36,574.43",-,ARCE,XXXXX,HEX BOLT/NUT,Goods - OOS - FZ
01 Invoice,111111111111111,ABC LTD.,IN20011934,6/30/2024,6/1/2024,6/30/2024,"6,306.67",-,ARCE,XXXXX,HEX BOLT/NUT-22172/AIR,Goods - OOS - FZ
01 Invoice,111111111111111,ABC LTD.,IN20011934,6/30/2024,6/1/2024,6/30/2024,883.71,-,ARCE,XXXXX,HEX BOLT/NUT-22246/AIR,Goods - OOS - FZ
01 Invoice,111111111111111,ABC LTD.,IN20011934,6/30/2024,6/1/2024,6/30/2024,170.84,-,ARCE,XXXXX,HEX BOLT/NUT-2246/SEA,Goods - OOS - FZ
01 Invoice,111111111111111,ABC LTD.,IN20011934,6/30/2024,6/1/2024,6/30/2024,"227,073.17",-,ARCE,XXXXX,HEX BOLT/NUT-22141/AIR,Goods - OOS - FZ
01 Invoice,111111111111111,ABC LTD.,IN20011934,6/30/2024,6/1/2024,6/30/2024,"9,131.60",-,ARCE,XXXXX,HEX BOLT/NUT-22141/SEA,Goods - OOS - FZ
01 Invoice,111111111111111,ABC LTD.,IN20011935,6/30/2024,6/1/2024,6/30/2024,"58,306.67",-,ARCE,XXXXX,HEX BOLT/NUT-22141/SEA,Goods - OOS - FZ
01 Invoice,111111111111111,ABC LTD.,IN20011936,6/30/2024,6/1/2024,6/30/2024,"456,785.66",-,ARCE,XXXXX,HEX BOLT/NUT,Goods - OOS - FZ
01 Invoice,111111111111111,ABC LTD.,IN20011937,6/30/2024,6/1/2024,6/30/2024,"250,648.13",-,ARCE,XXXXX,HEX BOLT/NUT-22159/SEA,Goods - OOS - FZ
01 Invoice,111111111111111,ABC LTD.,IN20011925,6/30/2024,6/1/2024,6/30/2024,"1,387,083.86",-,ALBA,31057XXXXX00003,SPU IIIW-(600X180X13.40MMX081.60 KG/M)X12.00 M,Goods - OOS - FZ
01 Invoice,111111111111111,ABC LTD.,IN20011941,6/30/2024,6/1/2024,6/30/2024,"1,472,179.65",-,ARCE,XXXXX,Light Steel (0-30kg/m),Goods - OOS - FZ
01 Invoice,111111111111111,ABC LTD.,IN20011941,6/30/2024,6/1/2024,6/30/2024,"1,567,608.17",-,ARCE,XXXXX,Medium Steel (31-60kg/m),Goods - OOS - FZ
01 Invoice,111111111111111,ABC LTD.,IN20011941,6/30/2024,6/1/2024,6/30/2024,"1,966,471.82",-,ARCE,XXXXX,Heavy Steel (61-150kg/m),Goods - OOS - FZ
01 Invoice,111111111111111,ABC LTD.,IN20011941,6/30/2024,6/1/2024,6/30/2024,"1,535,635.53",-,ARCE,XXXXX,Extra Heavy Steel (>150kg/m),Goods - OOS - FZ
01 Invoice,111111111111111,ABC LTD.,IN20011941,6/30/2024,6/1/2024,6/30/2024,"169,764.62",-,ARCE,XXXXX,Built-up Steel,Goods - OOS - FZ
01 Invoice,111111111111111,ABC LTD.,IN20011941,6/30/2024,6/1/2024,6/30/2024,"501,309.99",-,ARCE,XXXXX,BOLTS - HIGH STRENGTH ASTM A325,Goods - OOS - FZ
01 Invoice,111111111111111,ABC LTD.,IN20011941,6/30/2024,6/1/2024,6/30/2024,"319,504.53",-,ARCE,XXXXX,PATTERNED PLATE FLOORING,Goods - OOS - FZ
01 Invoice,111111111111111,ABC LTD.,IN20011941,6/30/2024,6/1/2024,6/30/2024,"3,334,845.21",-,ARCE,XXXXX,GRATING - 32MM,Goods - OOS - FZ
01 Invoice,111111111111111,ABC LTD.,IN20011941,6/30/2024,6/1/2024,6/30/2024,"8,906.69",-,ARCE,XXXXX,LADDER WITH CAGE,Goods - OOS - FZ
01 Invoice,111111111111111,ABC LTD.,IN20011941,6/30/2024,6/1/2024,6/30/2024,"2,903.99",-,ARCE,XXXXX,LADDER WITH CAGE,Goods - OOS - FZ
01 Invoice,111111111111111,ABC LTD.,IN20011941,6/30/2024,6/1/2024,6/30/2024,"40,712.86",-,ARCE,XXXXX,SUPPLY STEEL DECK PER SPECIFICATION,Goods - OOS - FZ
01 Invoice,111111111111111,ABC LTD.,IN20011941,6/30/2024,6/1/2024,6/30/2024,"203,644.53",-,ARCE,XXXXX,TREADS,Goods - OOS - FZ
01 Invoice,111111111111111,ABC LTD.,IN20011941,6/30/2024,6/1/2024,6/30/2024,6.94,-,ARCE,XXXXX,DTIWASHER,Goods - OOS - FZ
01 Invoice,111111111111111,ABC LTD.,IN20011941,6/30/2024,6/1/2024,6/30/2024,"26,531.02",-,ARCE,XXXXX,DTIWASHER,Goods - OOS - FZ
01 Invoice,111111111111111,ABC LTD.,IN20011941,6/30/2024,6/1/2024,6/30/2024,"20,898.36",-,ARCE,XXXXX,DTIWASHER,Goods - OOS - FZ
01 Invoice,111111111111111,ABC LTD.,IN20011941,6/30/2024,6/1/2024,6/30/2024,"116,800.56",-,ARCE,XXXXX,HORIZONTAL TUBULAR HANDRAILING,Goods - OOS - FZ
01 Invoice,111111111111111,ABC LTD.,IN20011941,6/30/2024,6/1/2024,6/30/2024,"87,246.63",-,ARCE,XXXXX,HORIZONTAL TUBULAR HANDRAILING,Goods - OOS - FZ
01 Invoice,111111111111111,ABC LTD.,IN20011931,6/30/2024,6/1/2024,6/30/2024,"82,354.75",-,ARCE,XXXXX,MACHINE MATERIAL HINGES,Goods - OOS - FZ
01 Invoice,111111111111111,ABC LTD.,IN20011941,6/30/2024,6/1/2024,6/30/2024,"79,224.57",-,ARCE,XXXXX,HORIZONTAL TUBULAR HANDRAILING,Goods - OOS - FZ
01 Invoice,111111111111111,ABC LTD.,IN20011941,6/30/2024,6/1/2024,6/30/2024,"292,919.11",-,ARCE,XXXXX,HORIZONTAL TUBULAR HANDRAILING,Goods - OOS - FZ
01 Invoice,111111111111111,ABC LTD.,IN20011941,6/30/2024,6/1/2024,6/30/2024,"25,395.45",-,ARCE,XXXXX,SLOPING TUBULAR HANDRAILING,Goods - OOS - FZ
01 Invoice,111111111111111,ABC LTD.,TI20000257,6/30/2024,6/1/2024,6/30/2024,"1,836,250.00",-,ARCE,XXXXX,Rubber Lining-L/S,Goods - OOS - FZ
01 Invoice,111111111111111,ABC LTD.,IN20011946,6/30/2024,6/1/2024,6/30/2024,"555,631.25",-,ARCE,XXXXX,MULTISLOPE SCREEN OVERSIZE DISCHARGE & CONVEYOR FEED CHUTE,Goods - OOS - FZ
01 Invoice,111111111111111,ABC LTD.,IN20011946,6/30/2024,6/1/2024,6/30/2024,"783,957.85",-,ARCE,XXXXX,MULTISLOPE SCREEN OVERSIZE DISCHARGE & CONVEYOR FEED CHUTE-HDX,Goods - OOS - FZ
01 Invoice,111111111111111,ABC LTD.,IN20011946,6/30/2024,6/1/2024,6/30/2024,"415,618.66",-,ARCE,XXXXX,AREA 3430 HYDROSEPERATOR -FEED BOX,Goods - OOS - FZ
01 Invoice,111111111111111,ABC LTD.,IN20011946,6/30/2024,6/1/2024,6/30/2024,"25,038.59",-,ARCE,XXXXX,"AREA 3410 LINE 1, 2, 3 COARSE CLASSIFIER -DISTRIBUTION BOX",Goods - OOS - FZ
01 Invoice,111111111111111,ABC LTD.,IN20011946,6/30/2024,6/1/2024,6/30/2024,"22,882.25",-,ARCE,XXXXX,"AREA 3420 LINE 1, 2, 3 LIMS -DISTRIBUTION BOX",Goods - OOS - FZ
01 Invoice,111111111111111,ABC LTD.,IN20011946,6/30/2024,6/1/2024,6/30/2024,"20,205.95",-,ARCE,XXXXX,"AREA 3420 L1, L2, L3 FINE REFLUX CLASSIFIER 1 -DISTRIBUTION BOX",Goods - OOS - FZ
01 Invoice,111111111111111,ABC LTD.,IN20011946,6/30/2024,6/1/2024,6/30/2024,"27,534.05",-,ARCE,XXXXX,"AREA 3420 L1, L2, L3 FINE REFLUX CLASSIFIER 2 -DISTRIBUTION BOX",Goods - OOS - FZ
01 Invoice,111111111111111,ABC LTD.,IN20011946,6/30/2024,6/1/2024,6/30/2024,"297,866.67",-,ARCE,XXXXX,AREA 3430 LIMS TAILINGS DISCHARGE -STAGE 1 TRANSITION CHUTE PX-914,Goods - OOS - FZ
01 Invoice,111111111111111,ABC LTD.,IN20011946,6/30/2024,6/1/2024,6/30/2024,"141,068.36",-,ARCE,XXXXX,AREA 3430 REMS TAILINGS DISCHARGE -TRANSITION CHUTE PX-918,Goods - OOS - FZ
01 Invoice,111111111111111,ABC LTD.,IN20011946,6/30/2024,6/1/2024,6/30/2024,"54,551.32",-,ARCE,XXXXX,"AREA 3420 LINE 1, 2, 3 FINE REFLUX SCREEN -O/S TRANSITION CHUTE 1",Goods - OOS - FZ
01 Invoice,111111111111111,ABC LTD.,IN20011946,6/30/2024,6/1/2024,6/30/2024,"19,165.97",-,ARCE,XXXXX,"AREA 3420 LINE 1, 2, 3 FINE REFLUX SCREEN -O/S TRANSITION CHUTE 1",Goods - OOS - FZ
01 Invoice,111111111111111,ABC LTD.,IN20011946,6/30/2024,6/1/2024,6/30/2024,"24,013.52",-,ARCE,XXXXX,"AREA 3420 LINE 1, 2, 3 FINE REFUX SCREEN -O/S TRANSITION CHUTE 2",Goods - OOS - FZ
01 Invoice,111111111111111,ABC LTD.,IN20011946,6/30/2024,6/1/2024,6/30/2024,"34,389.25",-,ARCE,XXXXX,"AREA 3420 LINE 1, 2, 3 FINE REFLUX SCREEN -O/S TRANSITION CHUTE 3",Goods - OOS - FZ
01 Invoice,111111111111111,ABC LTD.,IN20011946,6/30/2024,6/1/2024,6/30/2024,"35,230.66",-,ARCE,XXXXX,"AREA 3420 LINE 1, 2, 3 FINE REFLUX SCREEN -O/S TRANSITION CHUTE 4",Goods - OOS - FZ
01 Invoice,111111111111111,ABC LTD.,IN20011946,6/30/2024,6/1/2024,6/30/2024,"32,344.07",-,ARCE,XXXXX,"AREA 3420 LINE 1, 2, 3 FINE REFLUX SCREEN -O/S TRANSITION CHUTE 5",Goods - OOS - FZ
01 Invoice,111111111111111,ABC LTD.,IN20011946,6/30/2024,6/1/2024,6/30/2024,"43,442.44",-,ARCE,XXXXX,"AREA 3420 LINE 1, 2, 3 FINE REFLUX SCREEN -O/S TRANSITION CHUTE 6",Goods - OOS - FZ
01 Invoice,111111111111111,ABC LTD.,IN20011946,6/30/2024,6/1/2024,6/30/2024,"790,618.74",-,ARCE,XXXXX,AREA 3470 COARSE REJECT BIN,Goods - OOS - FZ
01 Invoice,111111111111111,ABC LTD.,IN20011946,6/30/2024,6/1/2024,6/30/2024,"1,340,666.25",-,ARCE,XXXXX,AREA 3470 COARSE REJECT BIN,Goods - OOS - FZ
01 Invoice,111111111111111,ABC LTD.,IN20011946,6/30/2024,6/1/2024,6/30/2024,"16,277.99",-,ARCE,XXXXX,REJECT BIN SHUTTLE GATE OVERFLOW CHUTE,Goods - OOS - FZ
01 Invoice,111111111111111,ABC LTD.,IN20011946,6/30/2024,6/1/2024,6/30/2024,"53,358.12",-,ARCE,XXXXX,SUPPLY OF FASTENERS,Goods - OOS - FZ
01 Invoice,111111111111111,ABC LTD.,IN20011946,6/30/2024,6/1/2024,6/30/2024,"3,547.64",-,ARCE,XXXXX,AREA 3440 MIXING TANKS AREA TANK FEED DISTRIBUTOR,Goods - OOS - FZ
01 Invoice,111111111111111,ABC LTD.,IN20011946,6/30/2024,6/1/2024,6/30/2024,"65,277.95",-,ARCE,XXXXX,COARSE REJECT SHUTTLE GATE,Goods - OOS - FZ
01 Invoice,111111111111111,ABC LTD.,IN20011946,6/30/2024,6/1/2024,6/30/2024,"24,040.33",-,ARCE,XXXXX,REJECT BIN SHUTTLE GATE OVERFLOW CHUTE,Goods - OOS - FZ
01 Invoice,111111111111111,ABC LTD.,IN20011946,6/30/2024,6/1/2024,6/30/2024,"49,421.42",-,ARCE,XXXXX,FLOOD CHUTE,Goods - OOS - FZ
01 Invoice,111111111111111,ABC LTD.,IN20011946,6/30/2024,6/1/2024,6/30/2024,"53,747.18",-,ARCE,XXXXX,REJECT SHUTTLE GATE OVERFLOW CHUTE,Goods - OOS - FZ
01 Invoice,111111111111111,ABC LTD.,IN20011946,6/30/2024,6/1/2024,6/30/2024,"25,716.61",-,ARCE,XXXXX,REJECT SHUTTLE GATE OVERFLOW CHUTE,Goods - OOS - FZ
01 Invoice,111111111111111,ABC LTD.,IN20011946,6/30/2024,6/1/2024,6/30/2024,"18,932.47",-,ARCE,XXXXX,REJECT SHUTTLE GATE OVERFLOW CHUTE (MANHOLE GATE),Goods - OOS - FZ
01 Invoice,111111111111111,ABC LTD.,IN20011946,6/30/2024,6/1/2024,6/30/2024,"5,035.51",-,ARCE,XXXXX,REJECT SHUTTLE GATE OVERFLOW CHUTE DEFLECTLOR DETAILS,Goods - OOS - FZ
01 Invoice,111111111111111,ABC LTD.,IN20011946,6/30/2024,6/1/2024,6/30/2024,"5,863.81",-,ARCE,XXXXX,REJECT SHUTTLE GATE DISCHARGE CHUTE FRAME PLAN AND ELEVATION,Goods - OOS - FZ
01 Invoice,111111111111111,ABC LTD.,IN20011946,6/30/2024,6/1/2024,6/30/2024,"20,089.46",-,ARCE,XXXXX,REJECT SHUTTLE GATE DISCHARGE CHUTES,Goods - OOS - FZ
01 Invoice,111111111111111,ABC LTD.,IN20011946,6/30/2024,6/1/2024,6/30/2024,"58,230.50",-,ARCE,XXXXX,REJECT SHUTTLE GATE DISCHARGE CHUTES,Goods - OOS - FZ
01 Invoice,111111111111111,ABC LTD.,IN20011946,6/30/2024,6/1/2024,6/30/2024,"20,089.46",-,ARCE,XXXXX,REJECT SHUTTLE GATE DISCHARGE CHUTES,Goods - OOS - FZ
01 Invoice,111111111111111,ABC LTD.,IN20011946,6/30/2024,6/1/2024,6/30/2024,"56,024.35",-,ARCE,XXXXX,REJECT BIN SHUTTLE GATE CHUTE,Goods - OOS - FZ
01 Invoice,111111111111111,ABC LTD.,IN20011946,6/30/2024,6/1/2024,6/30/2024,"11,033.66",-,ARCE,XXXXX,REJECT BIN SHUTTLE GATE CHUTE,Goods - OOS - FZ
01 Invoice,111111111111111,ABC LTD.,IN20011946,6/30/2024,6/1/2024,6/30/2024,"73,892.90",-,ARCE,XXXXX,COARSE REJECT SHUTTLE GATE,Goods - OOS - FZ
01 Invoice,111111111111111,ABC LTD.,IN20011946,6/30/2024,6/1/2024,6/30/2024,"33,685.27",-,ARCE,XXXXX,COARSE REJECT SHUTTLE GATE,Goods - OOS - FZ
01 Invoice,111111111111111,ABC LTD.,IN20011946,6/30/2024,6/1/2024,6/30/2024,"1,399.59",-,ARCE,XXXXX,COARSE REJECT SHUTTLE GATE Accessories,Goods - OOS - FZ
01 Invoice,111111111111111,ABC LTD.,IN20011946,6/30/2024,6/1/2024,6/30/2024,"17,534.35",-,ARCE,XXXXX,"AREA 3420 LINE 1, 2, 3 FINE REFLUX SCREEN -O/S TRANSITION CHUTE 3,4,5,6 Cov",Goods - OOS - FZ
01 Invoice,111111111111111,ABC LTD.,IN20011946,6/30/2024,6/1/2024,6/30/2024,"5,156.19",-,ARCE,XXXXX,"AREA 3420 L1, L2, L3 FINE REFLUX CLASSIFIER 2 DISTRIBUTION BOX BX-1 Cover p",Goods - OOS - FZ
01 Invoice,111111111111111,ABC LTD.,IN20011946,6/30/2024,6/1/2024,6/30/2024,"5,022.51",-,ARCE,XXXXX,"AREA 3420 L1, L2, L3 FINE REFLUX CLASSIFIER 1 DISTRIBUTION BOX PX-909-D,E,F",Goods - OOS - FZ
01 Invoice,111111111111111,ABC LTD.,IN20011946,6/30/2024,6/1/2024,6/30/2024,"8,869.09",-,ARCE,XXXXX,"AREA 3420 LINE 1, 2, 3 LIMS DISTRIBUTION BOX 909 Cover plates -6 qty",Goods - OOS - FZ
01 Invoice,111111111111111,ABC LTD.,IN20011946,6/30/2024,6/1/2024,6/30/2024,"1,272.52",-,ARCE,XXXXX,MULTISLOPE SCREEN OVERSIZE DISCHARGE & CONVEYOR FEED CHUTE Flanges-18 qty,Goods - OOS - FZ
01 Invoice,111111111111111,ABC LTD.,IN20011946,6/30/2024,6/1/2024,6/30/2024,"5,526.38",-,ARCE,XXXXX,MULTISLOPE SCREEN OVERSIZE DISCHARGE & CONVEYOR FEED CHUTE cover plates -6,Goods - OOS - FZ
01 Invoice,111111111111111,ABC LTD.,IN20011946,6/30/2024,6/1/2024,6/30/2024,"4,847.70",-,ARCE,XXXXX,MULTISLOPE SCREEN OVERSIZE DISCHARGE & CONVEYOR FEED CHUTE cover plates -6,Goods - OOS - FZ
01 Invoice,111111111111111,ABC LTD.,IN20011946,6/30/2024,6/1/2024,6/30/2024,"14,124.44",-,ARCE,XXXXX,Shuttle gate hardox plates,Goods - OOS - FZ
01 Invoice,111111111111111,ABC LTD.,IN20011946,6/30/2024,6/1/2024,6/30/2024,"14,124.44",-,ARCE,XXXXX,Shuttle gate hardox plates,Goods - OOS - FZ
01 Invoice,111111111111111,ABC LTD.,IN20011946,6/30/2024,6/1/2024,6/30/2024,"14,124.44",-,ARCE,XXXXX,Shuttle gate hardox plates,Goods - OOS - FZ
01 Invoice,111111111111111,ABC LTD.,IN20011946,6/30/2024,6/1/2024,6/30/2024,883.24,-,ARCE,XXXXX,COARSE REJECT SHUTTLE GATE GUARDING( Grating)-2QTY,Goods - OOS - FZ
01 Invoice,111111111111111,ABC LTD.,IN20011946,6/30/2024,6/1/2024,6/30/2024,"127,949.50",-,ARCE,XXXXX,Supply of Flanges,Goods - OOS - FZ
01 Invoice,111111111111111,ABC LTD.,IN20011944,6/30/2024,6/1/2024,6/30/2024,"4,212.80",-,ARCE,XXXXX,TK Loose Parts R6000- Package 1,Goods - OOS - FZ
01 Invoice,111111111111111,ABC LTD.,IN20011943,6/30/2024,6/1/2024,6/30/2024,"31,972.79",-,ARCE,XXXXX,PTFE SLIDING BEARING - SS316l,Goods - OOS - FZ
01 Invoice,111111111111111,ABC LTD.,IN20011929,6/30/2024,6/1/2024,6/30/2024,"6,464.26",-,ARCE,XXXXX,DTIWASHER,Goods - OOS - FZ
01 Invoice,111111111111111,ABC LTD.,IN20011929,6/30/2024,6/1/2024,6/30/2024,"45,642.78",-,ARCE,XXXXX,BOLTS - HIGH STRENGTH ASTM A325,Goods - OOS - FZ
01 Invoice,111111111111111,ABC LTD.,IN20011929,6/30/2024,6/1/2024,6/30/2024,"17,637.07",-,ARCE,XXXXX,TREADS,Goods - OOS - FZ
02 Credit Note,111111111111111,ABC LTD.,IN20011941,6/30/2024,6/1/2024,6/30/2024,"12,065.85",-,ARCE,XXXXX,SLOPING TUBULAR HANDRAILING,Goods - OOS - FZ
02 Credit Note,111111111111111,ABC LTD.,IN20011941,6/30/2024,6/1/2024,6/30/2024,"75,348.21",-,ARCE,XXXXX,SLOPING TUBULAR HANDRAILING,Goods - OOS - FZ
02 Credit Note,111111111111111,ABC LTD.,TI20000257,6/30/2024,6/1/2024,6/30/2024,"9,663.60",-,ARCE,XXXXX,Fabrication Of Stair Tower And Pipe Supports For Sl Tank,Goods - OOS - FZ